name,phone,website,tipo_site,status
Dentista Em Sao Paulo | Melhores Dentistas | Dra. Thais Vinha | Protese Dentaria,5511915976383,,sem site,
Clinica Odonto Postale,5511998739823,,sem site,
Dra. Luana Melo - Cirurgia Dentista Urgencia,5511933375985,https://sites.google.com/view/draluanamelo?usp=sharing,agregador/social,ON
Dentista 24 Horas (por Demanda) - Spb Odontologia,5511948289927,,sem site,
Dentista 24hs - Centro Sp - Dr. Erick Andrade Crosp 131.232,5511992515610,,sem site,
Mariana Cestari I Dentista 24 Horas Sao Paulo,5511987417000,,sem site,
"Dentista 24 Horas Mooca, Urgencia, Protese, Ortodontia, Implantes, Facetas, Restauracoes, Clareamento- Dr.raphael Sinnes",5511962606565,,sem site,
Dentista No Centro,5511965360450,https://www.dentistanocentro.com.br/contato/,site próprio,OFF (406)
"Protese Dentaria, Protese Protocolo E Dentista 24 Horas - Dr Juvencio Neto",5511962751722,,sem site,
"Dra Luciana Ferreira Batista / Dentista Particular E Convenios (bradesco, Odontoprev, Etc)",5511991124645,,sem site,
Instituto Odontologico - Implantes Dentarios Em Moema - Dentista De Urgencia Em Moema,5511914372728,,sem site,
Sao Paulo Dental Studio,5511945068360,http://www.saopaulodentalstudio.com.br/,site próprio,OFF (406)
Portal Do Sorriso,5511957168474,https://www.portaldosorriso.com.br/,site próprio,OFF (403)
Lsr Odontologia,5511963594671,https://www.lsrodontologia.com.br/,site próprio,OFF (406)
Dra. Natalia Mosca,5511994451842,,sem site,
Dentz Vila Mariana Clinica Odontologica,5511946046000,"https://api.whatsapp.com/send?phone=5511946046000&text=Ol%C3%A1,%20quero%20agendar%20uma%20avalia%C3%A7%C3%A3o!",agregador/social,ON
Suzuki Dental Care Dr.lauro Suzuki,5511999334035,,sem site,
"Dentista Dr. Miarelli - Lentes De Resina Em Sao Paulo, Sp",5511943588838,http://www.drmiarelli.com.br/,site próprio,OFF
Dentista Em Jardim Paulista Sp | Borges Britto Odonto,5511997777137,http://borgesbrittoodonto.renderforestsites.com/,site próprio,OFF (404)
Dentista Av Paulista Dra.regla,5511992027527,https://draregladentista.com/,site próprio,OFF (406)
Sorridents,5511991835932,https://sorridents.com.br/,site próprio,OFF (403)
Dentista - Dra. Claudia Marchetto Costa ( Odontologia Marchetto Costa ),5511934306262,https://www.odontologiamarchettocosta.com.br/,site próprio,OFF (520)
W Odonto|dentista Paraiso|microscopio Operatorio|implantes Dentarios|ortodontia Invisalign|estetica Dental|endodontia,5511987661249,http://www.instagram.com/wodontoconsultorio,agregador/social,ON
Odonto Center Sp-odontologia Especializada Em Sao Paulo,5511993476051,,sem site,
Implante Dentario | Lentes De Contato Dental | Fratelli Odontologia | Barra Funda - Sao Paulo - Sp,5511913737559,http://www.fratelliodontologia.com.br/,site próprio,OFF
Clinica Nova Jerusalem - Dentista Sao Paulo,5511994638070,https://www.clinicanovajerusalem.com/,site próprio,OFF (406)
Confio Odontologia | Implantes | Proteses | Dentista Em Sao Paulo,5511940558565,,sem site,
Dentista Perto De Mim | Consultorio Odontologico Dra Ana Carolina,5511985070994,,sem site,
Clinica So Dente,5511947675276,http://www.sodente.com.br/,site próprio,OFF (406)
Dra. Renata Pinho - Lagoa Rio Odontologia,5521984190453,https://www.instagram.com/lagoario_odonto/,agregador/social,ON
"Consultorio Odontologico Particular Bianca Barata | Dentista Emergencia 24h Whatsapp | Protese, Implante - Copacabana/rj",5521995702659,http://www.biancabarata.com/,site próprio,OFF (406)
Dentista Dra. Jessica Morais | Clinica Odontologica | Lente De Resina | Faceta | Invisalign | Ortodontia | Limpeza | Botafogo,5521981033189,https://tinyurl.com/dentistajessicamorais,agregador/social,ON
Prev Odonto Prime,5521981579671,,sem site,
Clinica Odontobarra | Dentista | Implante Dentario | Barra Da Tijuca,5521975593724,https://www.clinicaodontobarra.com.br/,site próprio,OFF (406)
Odonto Liuzzi | Lentes De Contato Dental | Protese Protocolo | Ortodontia| Periodontia | Implante | Dental Tourism,5521969335067,https://odontoliuzzi.com.br/?utm_source=google&utm_medium=gmb&utm_campaign=perfil,site próprio,OFF
Dentistas Copacabana - Clinica Odontologica,5521996167799,http://wa.me/+5521996167799,agregador/social,ON
Orto Padrao,5521976607628,http://ortopadrao.com.br/,site próprio,OFF (406)
Dentista Copacabana - Consultorio Odontologico Vitrine,5521965722498,,sem site,
Dra. Daiane Paloschi - Dentista No Rio De Janeiro,5521996229549,https://dradaianepaloschi.com.br/,site próprio,OFF (406)
Service Odonto Laranjeiras,5521987442039,https://www.serviceodonto.com.br/,site próprio,OFF
Implante Sorrir (vila Da Penha),5521995088686,http://www.draclaudiademendonca.com/,site próprio,OFF (405)
Dentista 24 Horas Odonto Meier Rj,5521976558287,,sem site,
Dra. Valeria Ferreira | Dentista No Meier Rio De Janeiro | Odontologia Estetica E Clareamento Dental No Meier,5521992506802,https://sites.google.com/view/dentistavaleriaferreira/in%C3%ADcio,agregador/social,ON
Guilherme Rothier,5521968992262,https://www.guilhermerothier.com.br/,site próprio,OFF
Office Dente Centro Odontologico - Unidade Centro,5521970020303,,sem site,
Cinelli Odontologia,5521997994775,https://clinicacinelliodontologia.com.br/dentista-centro-rio-de-janeiro/,site próprio,OFF (406)
Service Odonto Meier 2,5521987442039,,sem site,
Service Odonto Ramos,5521987442039,https://www.serviceodonto.com.br/,site próprio,OFF
Rr Clinica Odontologica,5521979858731,https://wa.me/5521979858731,agregador/social,ON
Dentista Dra. Ana Araujo,5521967083251,,sem site,
Dentista Tijuca-rio De Janeiro Dra Erica Lopes,5521965868967,https://www.draerica.com/,site próprio,OFF
Rs Odontologia,5521995010580,http://www.rsodontologia.com.br/,site próprio,OFF
Service Odonto Riachuelo,5521987442039,https://www.serviceodonto.com.br/,site próprio,OFF
Dentista No Meier - Pedro Augusto Odontologia,5521966182020,https://drpedroaugusto.com.br/,site próprio,OFF (406)
Clinica Dentistas:)smile,5521987374171,,sem site,
Clinica Odonto Rio Iraja,5521993554421,,sem site,
Gilaberte Estetica E Odontologia | Harmonizacao Facial | Botox | Dentista | Implante | Protese | Centro Rio De Janeiro Rj,5521988821605,http://bit.ly/3uaqV0M,agregador/social,ON
Atelie Dental,5521987890674,http://www.ateliedental.com/,site próprio,OFF
Service Odonto Catumbi,5521987442039,https://www.serviceodonto.com.br/,site próprio,OFF
Clinica Blu | Dentista Em Brasilia,5561983413338,https://www.clinicablu.com.br/implantes-dentarios,site próprio,OFF (520)
Odontomaxx,5561986740276,http://www.odontomaxx.com.br/,agregador/social,ON
Sun Odontologia | Alinhadores | Implantes | Harmonizacao Orofacial,5561999848728,https://wa.me/61999848728,agregador/social,ON
Crie Odontologia,5561983380008,https://www.crieodontologia.com.br/,site próprio,OFF (406)
Centro Clinico Mais Brasilia,5561982413121,,sem site,
Dentista - Clinica Odontologica Boca E Saude,5561981389320,,sem site,
Clinisul,5561999490274,,sem site,
Maison Odontologia Especializada,5561991434312,,sem site,
Renilda Vasconcelos Odontologia - Dentista Brasilia,5561981434117,http://www.instagram.com/dra.renildavasconcelos,agregador/social,ON
Clinica Odontologica Pio Xii,5561981649740,,sem site,
Aodonto,5561994331286,https://aodonto.com.br/,site próprio,OFF (406)
Clinica Ortobrasilia,5561998683904,http://www.ortobrasilia.com.br/,site próprio,OFF
Ortomix Solucoes Esteticas Clinica Odontologica,5561984358631,https://www.ortomixodontologia.com.br/,site próprio,OFF (406)
Clinica Implanthos,5561991225571,http://clinicaimplanthos.com.br/,site próprio,OFF
Dra. Helianne Figueiredo Dentista Asa Sul Brasilia Luminy,5561995101163,https://www.luminyoralstudio.com.br/,site próprio,OFF
Dra. Marina Sales,5561996692283,https://www.instagram.com/dramarinasales/,agregador/social,ON
Oralclin Df,5561985547600,,sem site,
Dra Jessyka Braga Dentista Em Brasilia,5561982413121,https://www.instagram.com/dra.jessykabraga/,agregador/social,ON
Odontocompany,5561992495272,,sem site,
Ampla Odontologia,5561995385757,,sem site,
Clinica Dental Concept,5561996660471,https://www.clinicadentalconcept.com.br/pagina-princi,site próprio,OFF (406)
Odontocentro,5561984653263,http://www.odontocentrobsb.com.br/,site próprio,OFF
Amberget Odontologia | Dentista Na Asa Norte,5561992097846,https://amberget.com.br/,site próprio,OFF (520)
Ms Odontologia,5561982484140,https://mirandasantosodonto.com/,site próprio,OFF (406)
All Prime Clinica Odontologica E Estetica,5561984544044,https://instagram.com/allprimeodonto?igshid=MzRlODBiNWFlZA==,agregador/social,ON
"Dra Virna Patusco Dtm E Dor Orofacial, Odontologia Do Sono E Ortodontia",5561999659754,,sem site,
Lule Odontologia Criative,5561986250942,,sem site,
Odontovila: Seu Dentista Na Vila Planalto - Rebilitacao Oral E Odontologia Especializada,5561985251763,,sem site,
Dentista Para Crianca Em Brasilia,5561983153512,https://instagram.com/ioesp,agregador/social,ON
Centro De Odontologia Integrada Simone Carrara,5561996466160,http://simonecarrara.com.br/,site próprio,OFF (406)
Implante Dentario | Sante Clinica Odontologica | Dentista Em Santo Agostinho - Bh,5531984304663,https://www.clinicaodontologicasante.com.br/,site próprio,OFF (406)
Instituto Oral Premium - Dentista 24 Horas,5531997367514,http://dentista24horas.net.br/,site próprio,OFF (406)
Clara Odontologia,5531993996965,https://claraodontologia.com.br/,site próprio,OFF (406)
Alegro Clinica Odontologica,5531994660252,https://alegroclinica.com.br/,site próprio,OFF
Dra. Erika Drubscky - Clinica Odontologica Qualidente,5531987659068,https://www.instagram.com/dra.erikadrubscky,agregador/social,ON
Clinica Odonto Qualitybh - Credenciado Sulamerica Odonto E Odontoprev,5531989081171,https://www.clinicaodontoqualitybh.com.br/,site próprio,OFF (406)
Dupla Odontologia,5531971701656,http://linktr.ee/dupla.odontologia,agregador/social,ON
Clinica Odontologica Gf,5531999244998,https://gfodontologia.com.br/,site próprio,OFF
Bh Implanto,5531983018400,http://www.bhimplanto.com.br/,site próprio,OFF
Clinica Odontologica Noah - Nucleo De Odontologia Avancada Humanizada - Dentista,5531998574147,https://sites.google.com/view/clinicanoah,agregador/social,ON
Simetria - Odontologia,5531973028897,https://simetriaodonto.com.br/,site próprio,OFF (404)
Clinica Odont,5531996110566,,sem site,
Claudio Gambogi Franco,5531991203571,http://www.claudiogambogi.com.br/,site próprio,OFF (406)
Dra. Francielle A. | Endodontia | Tratamento De Canal Bh | Dentista Bh,5531999489601,https://www.instagram.com/francielle_arantes?igsh=MWVsdHN6c3ZrdTRrYg%3D%3D&utm_source=qr,agregador/social,ON
Dentista Dra Daniela Silva | Dentista Na Savassi | Clareamento Dentario | Estetica | Cirurgias,5531971114711,http://dradanielasilva.com.br/,site próprio,OFF (406)
Adriana Byrro - Lentes De Contato Dental,5531991401469,https://josealoizioortodontia.com.br/faceta-de-porcelana,site próprio,OFF (520)
Dr. Marcos De Oliveira | Dentista Belo Horizonte | Implante | Alinhador Invisivel | Invisalign | Botox | Sedacao,5531992245501,http://www.instagram.com/drmarcos.o,agregador/social,ON
Dentista - Integral Odontologia,5531999518808,https://www.integralodontologia.com.br/,site próprio,OFF
Mp Odontologia Especializada,5531996505589,https://www.instagram.com/mp_odontologiaespecializada?utm_source=ig_web_button_share_sheet&igsh=ZDNlZDc0MzIxNw==,agregador/social,ON
"Ortoestetica Santa Efigenia: Harmonizacao Facial, Implantes E Clareamento Dental, Belo Horizonte - Mg",5531995965299,https://redeortoestetica.com.br/,site próprio,OFF
Dr. Rodrigo Dentista Belo Horizonte Minas Gerais,5531999678845,,sem site,
Dentista Belo Horizonte Dr. Guilherme Alves,5531994403000,http://wa.me/5531994403000,agregador/social,ON
Vilani Ortodontia | Ortodontia Especializada | Invisalign | Aparelho Ortodontico | Clareamento Dental | Limpeza Dental,5531999228010,https://www.instagram.com/vilaniortodontia/,agregador/social,ON
Dr Hugo Ramiro | Cirurgiao Dentista | Belo Horizonte,5531971798887,,sem site,
Mariana Coda Odontologia,5531973078775,,sem site,
Dentista Belo Horizonte - Dra. Ana Caroline Alves,5531984995243,https://instagram.com/anacarolinex,agregador/social,ON
Linea Odontologia Completa,5531996932367,http://www.lineaodonto.com.br/,site próprio,OFF
Ciclo | Centro De Implantes E Clinicas Odontologicas,5531972085757,https://cicloimplantes.negocio.site/?utm_source=gmb&utm_medium=referral,site próprio,OFF (404)
Ana Caroline Diniz - Ortodontia E Odontologia Estetica,5531992850562,https://anacarolinediniz.com.br/,site próprio,OFF (406)
Nob Nucleo Odontologico Bandeirantes,5531984980538,http://www.nobbrasil.com.br/,site próprio,OFF (406)
Clinica Odontologica Carvalhais (integrar Odontologia),5531993390398,,sem site,
Clinica Odontologica Hitoshi Odontologia Padre Eustaquio,5531998570941,http://www.dentistasembh.com.br/,site próprio,OFF
Dra. Leidiana Rego,5592984294691,https://leidianarego.com/,site próprio,OFF (406)
Dentistas 24 Horas,5592991985998,http://instagram.com/leodamascenosilva,agregador/social,ON
Dentista Manaus 24 Horas - Dr. Aroldo Carvalho,5592985017258,,sem site,
Goya Odontologia | Implante Dentario Em Manaus,5592982368376,https://www.goyaodontologia.com.br/,site próprio,OFF
Dentista | Odonto Especialle | Pacientes Com Autismo | Sedacao,5592981346521,http://www.odontoespecialle.com.br/,site próprio,OFF (406)
Dra. Roseli Menegasso I Starodonto Manaus,5592981938821,http://starodonto.odo.br/,site próprio,OFF
Mg Odontologia Clinica E Estetica - Dentista Manaus,5592992900284,https://www.instagram.com/mg.odontoestetica?igsh=ZjI2c3F5Zmw3eHk4,agregador/social,ON
Odontosf - Dentistas,5592982819090,https://www.instagram.com/odontosf_manaus/,agregador/social,ON
Odontoforma,5592984376809,,sem site,
Saude Oral Odontologia,5592991019888,,sem site,
Belo Sorrir Odontologia I Plaza Shopping,5592984891688,https://belosorrir.com.br/,site próprio,OFF
Dra. Sara Barros - Invisalign Dentista,5592982854063,https://drasarabarros.my.canva.site/,agregador/social,ON
Dentista Em Manaus - Dra Sabrina Farias Cro-am 3935,5592993445940,,sem site,
Atelie Do Dente Manaus,5592982551785,,sem site,
Dr. Leonardo Raponi,5592984179966,,sem site,
Dentista Em Manaus - Dra Marta Dias,5592984294317,https://linktr.ee/mdodonto,agregador/social,ON
Dra. Erika Perini Grosso | Odontopediatria Em Manaus,5592982893896,https://odontopediatriamanaus.com.br/,site próprio,OFF (406)
Essentia Odontologia - Clinica Odontologica,5592992448236,https://instagram.com/evelynbrena.dentista?utm_medium=copy_link,agregador/social,ON
Consultorio Odontologico Dra. Mariana Finassi - Dentista Em Manaus,5592984690057,https://www.instagram.com/dramarianafinassi/,agregador/social,ON
Saude Do Norte | Dentista Em Manaus,5592982454902,https://linktr.ee/saudedonorte,agregador/social,ON
Dentista 24h - Dr Neto Alves,5592994171150,,sem site,
Clinica Orto E Implante,5592994661663,,sem site,
Dra. Yasmim Mendes - Consultorio Odontologico | Dentista | Manaus,5592982123250,http://bit.ly/drayasmimendes,agregador/social,ON
Bucalmed - Clinica Odontologica,5592993359012,,sem site,
Clinica Sorria Manaus,5592991371492,,sem site,
Dental Studio - Consultorio Odontologico,5592981770978,https://www.instagram.com/dentalstudio.am/,agregador/social,ON
Clinica Malveira - Melhor Especialista Em Implantes Dentarios E Proteses Tipo Protocolo,5592991389914,https://www.dracrismalveira.com.br/gmn/,site próprio,OFF (406)
Dentista Manaus - Dra. Karina Lopes,5592981876557,https://www.instagram.com/drakarinamlopes?igsh=MWFwaGtyaDF6M3lxbg%3D%3D&utm_source=qr,agregador/social,ON
Clinica Refference - Odontologia Moderna,5592982480292,https://www.clinicarefference.com.br/,site próprio,OFF (406)
"Sorridents Manaus Vieiralves: Clinica Odontologica, Odontopedriatra, Clinico Geral",5592982686789,https://sorridentsmanaus.com.br/,site próprio,OFF (406)
Vs Odontologia Parque Das Laranjeiras,5592981459388,"https://api.whatsapp.com/send?phone=5592981459388&text=Ol%C3%A1,%20tudo%20bem?%20Vi%20sua%20empresa%20no%20Google,%20e%20gostaria%20de%20obter%20mais%20informa%C3%A7%C3%B5es%20sobre%20alguns%20de%20seus%20servi%C3%A7os.%20Pode%20me%20ajudar?",agregador/social,ON
Dentista Do Sul Bola Do Manoa Desde 2012 Transformando Sorrisos! M De Oliveira Miguel Odontologia.,5592993062655,https://sites.google.com/view/dentistas-do-sul/p%C3%A1gina-inicial,agregador/social,ON
Check Up Odontologia Dra Carla Collyer,5592992004745,http://wa.me/5592992004745,agregador/social,ON
Consultorio Odontologico Em Manaus - Dra.elcia De Lima Briglia,5592991241588,https://www.facebook.com/dra.elciabriglia,agregador/social,ON
Dentista Em Manaus - Dra. Sara Lais Odontologia Especializada,5592985237920,,sem site,
Odontorh,5592981750251,http://wa.me/5592981750251,agregador/social,ON
Dr. Roger Inoue | Cirurgiao Dentista Em Manaus,5592992703193,https://inoueodontologia.com/,site próprio,OFF
Oral Center Dom Pedro Lf,5592994846163,https://oralcentermanaus.com.br/,site próprio,OFF (406)
Clinica Odontolima,5592984020552,https://instagram.com/clinica.odontolima?utm_medium=copy_link,agregador/social,ON
Top Odonto Millenium,5592984098760,https://instagram.com/topodontoam?igshid=qf7ovfa8rpqx,agregador/social,ON
Mateus Andrade Odontologia,5592994546222,https://instagram.com/mateusandrade.odontologia?utm_source=ig_profile_share&igshid=aoh97nwsla88,agregador/social,ON
Odontosn,5592993713603,,sem site,
"Dra Aletheia Paranhos (dentista Para Pcds, Bebes, Idosos, Autistas, Cirurgia Bucomaxilofacial, Domiciliar E Hospitalar)",5592981707327,,sem site,
Clinica Odontologica Dentaly De Saude Bucal Integrada,5592992754858,http://www.dentaly.com.br/,site próprio,OFF (406)
"Odonto Amazon - Implantes, Protese, Endo E Ortodontia",5592992293563,http://www.odontoamazon.com.br/,site próprio,OFF (406)
Dentista Em Manaus - Dra. Elienay Pontes - Odontologia No Amazonas,5592992588418,,sem site,
Dentista Jamile Campos - Dentista Em Manaus,5592991431982,,sem site,
Dentista Dra. Julia Viana - Unidade Cecomiz,5592992252112,,sem site,
Nova Sorrir Manaus - Implantes,5592982212610,https://www.instagram.com/novasorriram,agregador/social,ON
"Dra. Jessica Vasconcelos | Dentista, Ortodontia Manaus",5592991351974,"https://api.whatsapp.com/send?l=pt-BR&phone=5592991351974&text=Ol%C3%A1!+Vim+da+pesquisa+do+Google,+Gostaria+de+mais+informa%C3%A7%C3%B5es+do+seu+trabalho.",agregador/social,ON
Design Do Sorriso | Implantes Em Manaus,5592991088183,http://clinicadesigndosorriso.com.br/,site próprio,OFF
Dra. Barbara Vigas - Clinica Odontologica,5592994859810,https://www.instagram.com/drabarbaravigas/,agregador/social,ON
Ceo Clinica Especializada Em Odontologia,5592994288811,https://clinicaodontologicaceo.com.br/,site próprio,OFF
Dentista Domiciliar E Laserterapia Em Manaus Dra Rosymar Palheta,5592991541009,https://www.laserterapiamucosites.com.br/,site próprio,OFF (404)
Suzano Odontologia - Dentista 24h,5592993702720,,sem site,
Clinica Sorria Manaus - Unidade 8,5592991080306,,sem site,
Odontologia Paulista - Manoa - Manaus,5592994700727,,sem site,
Clin Odonto - Clinica Odontologica,5592984143932,,sem site,
Clinica Estacao Do Sorriso - Fechada. Procurar Por Dra Mirian Kayo,5592988016770,,sem site,
Infinity Odontologia,5592981110240,https://bit.ly/WhatsAppInfinityGoogle,agregador/social,ON
Dra. Emily De Morais - Odontopediatra,5592999968005,,sem site,
Consultorio Odontoleite Manaus,5592992532274,https://www.instagram.com/odontoleitee/,agregador/social,ON
Up Odontologia,5592982012211,https://upodontomanaus.com.br/,site próprio,OFF (406)
Amz Odonto,5592981287971,,sem site,
Dra. Natascha Penutt,5592999641040,https://dranataschapenutt.com.br/,site próprio,OFF (406)
L A Odontologia - Dra Luciana Arnhold,5592993777070,,sem site,
"Yoshi Odontologia | Implante Dentario | Faceta Dentaria | Invisalign - Curitiba, Parana",5541987719197,http://yoshiodontologia.com.br/,site próprio,OFF (406)
Dra. Vladja Torno | Facetas Em Resina Composta Em Curitiba,5541997373637,https://vladjatorno.com/,site próprio,OFF (406)
Dra. Karla Cabral - Odontologia,5541997013329,,sem site,
Cirurgiao Dentista E Clinica Odontologica Rullian Pinheiro,5541997484686,,sem site,
Lustosa Odontologia Especializada - Clinica Odontologica Dentista Santa Felicidade - Curitiba,5541996554545,"https://wa.me/5541996554545/?text=Ol%C3%A1,%20te%20encontrei%20no%20google%20e%20gostaria%20de%20mais%20informa%C3%A7%C3%B5es.",agregador/social,ON
Dentista Santa Candida - Blanco Odontologia,5541987065193,https://www.blancoodontologia.com.br/,site próprio,OFF (406)
Consultorio Dra Cristhiany Machado,5541991453875,,sem site,
Dra Caroline Stevao - Cirurgia-dentista,5541992856792,,sem site,
Bonfanti Odontologia - Dentista Em Curitiba/batel,5541998406165,https://bonfantiodontologia.com/,site próprio,OFF (406)
Dra. Camila Xavier. Dentista Em Curitiba.,5541991147171,https://dracamilaxavier.my.canva.site/dracamilaxavier,agregador/social,ON
Implante Batel Odontologia - Dentista Em Curitiba,5541992587840,https://bit.ly/AtendimentoImplanteBatel,agregador/social,ON
Dr. Solano Guerios - Dentista Em Curitiba,5541984851212,,sem site,
Abreu Correa Odontologia | Clinica De Dentista | Invisalign Doctor,5541995387962,,sem site,
Dra Marcia Cristina Zonatto | Dentista | Curitiba | Odontologia Bom Retiro,5541987031818,https://sites.google.com/d/1A03n7dGr9O0JRuW6mT4mhtABEC5MoUGD/p/1dvOMtgNsfBydQ7iNYk43TZ5NDduvdFrp/edit,agregador/social,ON
Joy Ortodontia,5541985054486,https://joyortodontia.com.br/,site próprio,OFF (406)
Dr. Jean Brustolim - Dentista/implantes Curitiba,5541984714421,,sem site,
Quality Odonto E Bem Estar,5541997593820,https://clinicaquality.com.br/,site próprio,OFF
Odontoale,5541987981915,http://odontoale.com.br/,site próprio,OFF (406)
Dr. Giovanni De Carvalho - Ortodontia E Estetica - Curitiba/pr - Invisaling - Facetas Em Resina - Alinhadores Invisiveis,5541987603515,https://giovannidecarvalho.com.br/,site próprio,OFF
Dra. Carolina Dreher - Dentista Em Curitiba,5541991342466,,sem site,
Cln Odontologia Especializada - Dentista Em Curitiba,5541985293663,https://www.instagram.com/clnodontologia,agregador/social,ON
Consultorio Odontologico Emergencias 24 Hs Dr Marcelo Luis Barata Cirurgiao-dentista,5541997216557,,sem site,
Dr. Jean Vegini - Dentista Curitiba,5541988346122,https://jeanpiervegini.com.br/,site próprio,OFF
Dr Nicolae Carvalho De Paula,5541999474774,,sem site,
Dentista - Dr. Marcelo Kruger,5541997070297,,sem site,
Clinica Odontologica Dente Feliz,5541997704436,,sem site,
Dentista Dr. Fernando Makoto,5541999947444,,sem site,
Dentalimplantes Curitiba,5541988260524,https://dentalimplantes.com.br/,site próprio,OFF (406)
Beltran Odonto,5541992353223,https://beltranodonto.com.br/,site próprio,OFF (406)
Clinica Costin - Implante Dentario - Dentista No Centro De Curitiba,5541999715258,https://www.facebook.com/ClinicaCostinImplanteDentario,agregador/social,ON
Clinica Perfectta Odontologia,5541997210880,https://www.perfecttaodontologia.com.br/,site próprio,OFF
Dra. Milena Pacheco - Dentista Curitiba,5541988255176,https://dramilena.com.br/,site próprio,OFF
Dentprime,5541987950029,http://www.dentprime.com.br/,site próprio,OFF (406)
Know How | Clinica Odontologica | Curitiba,5541995120055,http://www.knowhowodontologia.com.br/,site próprio,OFF (406)
Consultorio Odontologico Em Curitiba - Dra. Tayna Alves - Dentista E Harmonizacao Orofacial,5541998040023,https://www.instagram.com/dratayna.alves,agregador/social,ON
Dra. Thaina Larsen - Dentista Curitiba,5545999416962,,sem site,
Sorriso Ideal Odontologia,5541996984405,,sem site,
Dra. Nicole Klingbeil Odontologia,5541988332697,,sem site,
Lidery Odontologia - Tratamento De Canal,5541997644257,https://www.lideryodontologia.com.br/,site próprio,OFF
Dra. Maria Nina Munoz - Dentista 24 Horas,5541991438148,https://beacons.ai/dra.mariodonto,agregador/social,ON
Aaamulticlin Clinica Odontologica E Ultrassonografia Medica,5511991111622,http://www.instagram.com/dra.viviane,agregador/social,ON
Life Sorrisos Osasco,5511977569185,http://www.lifesorrisos.com.br/,site próprio,OFF
Sorridents Osasco Centro,5511941906488,,sem site,
Tehari Odontologia Dentista Bela Vista Osasco | Implante Dentario | Dentista Osasco | Invisalign,5511945387028,https://wa.me/5511945387028,agregador/social,ON
Life Sorrisos,5511999848930,https://lifesorrisos.com.br/,site próprio,OFF
Odonto Alberti Prime - Dentista Na Vila Yara/osasco - Implante Dentario - Proteses - Estetica Dental,5511995954714,http://www.odontoalberticlinica.com.br/,site próprio,OFF
Dentz Osasco Bela Vista - Clinica Odontologica,5511941552772,https://www.rededentz.com.br/osascobelavista,site próprio,OFF
Talisma Odontologia | Dentista Em Osasco | Implante | Protese | Aparelho Invisivel | Harmonizacao | Facetas,5511940660335,https://www.instagram.com/talisma.odontologia/,agregador/social,ON
Clinica Odontologica Estrela Da Manha Osasco,5511992769404,,sem site,
Amo Osasco Ortodontia,5511945370661,,sem site,
Emi Orto,5511971972038,http://emiorto.com/,site próprio,OFF (406)
Bright Assistencia Odontologica,5511970735606,,sem site,
Iconic - Odontologia Dentista 24h,5511914799835,,sem site,
Spf Odontologia,5511964425315,,sem site,
Dra. Mara Heringer,5511998101432,https://linktr.ee/Dentistadramaraheringer,agregador/social,ON
Sg Odontologia,5511965144445,http://www.sgodontologia.com.br/,site próprio,OFF (406)
Odontologia Harmonizacao - Dra. Larissa Muzeti,5511916652424,https://wa.me/5511916652424,agregador/social,ON
Dra Michele Agutuli Siqueira Carvalho,5511961357595,,sem site,
Lb Dental Clinic - Dentista Em Osasco,5511965124288,https://www.lbdentalclinic.com.br/,site próprio,OFF
Dra. Anna Paula Veloso - Dentista,5511992351924,https://www.facebook.com/draannapaulaveloso/,agregador/social,ON
Tomotani Odontologia Especializada,5511988558451,,sem site,
"Dra. Simone Sacco Dentista Em Osasco | Endodontia, Implantes, Protese",5511996201412,https://sites.google.com/view/drasimonesacco,agregador/social,ON
Clinica Cortez,5511943270874,,sem site,
A.r. Odontologia,5511986099430,https://www.instagram.com/a.r.odontologia/,agregador/social,ON
Sorrix Osasco Bela Vista,5511956986091,https://sorrix.com.br/,agregador/social,ON
Essence Prime Odontologia & Estetica | Dentista Em Osasco,5511985593451,,sem site,
Sorrir Faz Bem - Osasco,5511943328864,https://www.instagram.com/sorrirfazbemosasco?igsh=MWRwazY4bjJreHF6cQ==,agregador/social,ON
Fa Clinica Odontologica,5511977089069,,sem site,
Dra. Talita Arruda | Dentista Em Osasco | Endodontia | Implante | Protese | Aparelho | Invisalign | Facetas,5511913635423,https://www.instagram.com/dra.talitaarruda,agregador/social,ON
Odontologia Santa Fe,5511912336741,,sem site,
Oral Salute Odontologia Dentista Osasco,5511960867555,,sem site,
Odontocompany - Vila Dos Remedios,5511965675935,,sem site,
Clinica Sorrindo Mais,5511941557625,,sem site,
Sorridents Novo Osasco,5511947233698,https://sorridents.com.br/unidade/osasco-novo-osasco,site próprio,OFF (403)
Dentista No Centro De Osasco - Dra. Beatriz Mariano,5511951636406,https://dentistabeatrizmariano.com.br/,site próprio,OFF
Center Osasco Odonto,5511957691842,https://linklist.bio/centerodonto,site próprio,OFF (403)
Clinica Bem Sorrir,5511966990045,,sem site,
Dr Leonardo Kawamoto Odontologia,5521967447773,,sem site,
Dra. Gleyci Rosa,5521967698994,https://www.instagram.com/invites/contact/?igsh=zwwfpnev5b6y&utm_content=117p5mh,agregador/social,ON
Sorria Marica,5521971367742,,sem site,
Odontoclinica Marica,5521996164124,http://facebook.com.br/odontoclinicamarica,agregador/social,ON
Dentista Dra. Sonia Maria C. Lisboa,5521999872938,https://api.whatsapp.com/send?phone=5521999872938&text=Oi%20Dra.%20S%C3%B4nia.%20Tudo%20bem%3F%20Te%20encontrei%20aqui%20no%20Google.%20Gostaria%20de...,agregador/social,ON
Dr Sorriso Marica,5521997308897,,sem site,
Dentista Dra Rafaela Rodrigues,5521969235775,https://www.facebook.com/DRA-Rafaela-Rodrigues-1957233434561634/,agregador/social,ON
Clinica Odontologica Sorriso Popular | Marica - Rj,5521973110326,https://www.instagram.com/sorrisopopularodontologia/,agregador/social,ON
"Sorrix Marica: Dentista, Implantes, Proteses, Ortodontia, Estetica Em Marica Rj",5521977529569,http://www.sorrix.com.br/,agregador/social,ON
Dra Luana Thamires | Dentista Em Itaipuacu /marica,5521972716888,https://sites.google.com/view/draluanathamires,agregador/social,ON
Na Odontologia Especializada,5521975701131,https://www.instagram.com/dra.natalieaugusta/,agregador/social,ON
Top Salute Odontologia E Harmonizacao Facial | Itaipuacu Rj,5521993503160,,sem site,
Dra Laryssa Carvalho Odontopediatra Em Marica,5521970682036,https://www.instagram.com/dralaryssacarvalho/,agregador/social,ON
Pro Sorriso Inoa,5521980821205,https://instagram.com/prosorrisoinoa?utm_medium=copy_link,agregador/social,ON
Lorem Dentallab,5521970332683,http://www.loremdentallab.com.br/,site próprio,OFF (406)
Harmonizacao Facial Marica | Dra Julia Gomes,5521964837366,https://bio.site/Drajuliagomes,agregador/social,ON
Klayn Odontologia - Clinica Odontologica Em Marica,5521966347327,,sem site,
Climod Dentistas - Itaipuacu,5521977177734,,sem site,
Dent+ Marica,5521971466793,http://www.dentmais.com.br/,site próprio,OFF
Dra. Jully Santos | Dentista Marica,5521976754830,,sem site,
Centro Clinico Integrativo Itaipuacu,5521972608933,http://www.cciitaipuacu.com.br/,site próprio,OFF
Odonto Smile,5521968761406,https://m.facebook.com/OdontoSmileeItaipuacu/,agregador/social,ON
Dr Cardenal Odontologia Estetica,5521971041155,http://drcardenal.com.br/,site próprio,OFF
Orion Odontologia Marica,5521982540792,https://instagram.com/orion.odontologia?igshid=MzRlODBiNWFlZA==,agregador/social,ON
Sorrir Plus,5521997374500,,sem site,
Clinica Dra Thaina Monteiro,5521971967676,http://instagram.com/dra.thainamonteiro,agregador/social,ON
Odonto Care Prime,5521995902484,,sem site,
Ceo - Centro De Especialidades Odontologicas De Itaipuacu,5521967503883,,sem site,
Sorria Consultorio Odontologico Marica,5521987579032,,sem site,
Odonto Happier,5521973994526,,sem site,
Dra. Carla Venancio Dentista,5521981041333,,sem site,
Clinica Integrada Metamorfose,5521996675794,,sem site,
Consultorio Odontologico Dra. Tatiana Santos,5521971825166,,sem site,
Clinica Sonho E Riso,5521993341133,https://bit.ly/sonhoerisoig,agregador/social,ON
Buzzo Leal Odontologia | Bucomaxilofacial Em Itaipuacu,5521974622315,http://www.instagram.com/rose_buzzo,agregador/social,ON
Volte A Sorrir,5521997308899,,sem site,
Consultorio Dra Roberta Antunes,5521975082458,,sem site,
Dr Conrado Lopes,5521995289151,https://wa.me/qr/FUTOO6NJKL3TI1,agregador/social,ON
Amar Odontologia Humanizada,5521972286286,,sem site,
Rio Concept Odontologia,5521982044726,http://instagram.com/rio_concept_odontologia,agregador/social,ON
Consultorio Odontologico Dr. Thiago Luigi E Dra. Polyane Lins,5521990618753,,sem site,
Inoa Consutorio Odontologico ( Dr. Paulo Andre Rocha Do Nascimento),5521970186646,,sem site,
Consultorio Dra. Bruna Pinho,5521998506958,,sem site,
Dr. Marcio Fos,5566997113687,,sem site,
New Odontologia,5521973755578,http://newodontologia.com.br/,site próprio,OFF
Dra. Lorenna Gomes | Harmonizacao Facial Em Itaipuacu E Icarai,5521970143587,https://www.instagram.com/dralorennabgomes/,agregador/social,ON
Kik Odontokids,5521995470776,,sem site,
Dentistas Itaipuacu,5521990618753,https://instagram.com/dentistasitaipuacuoficial?igshid=NzZhOTFlYzFmZQ==,agregador/social,ON
Ortodontista Itaipuacu Dra. Monica Ponce De Paiva,5521973793178,https://www.instagram.com/dentistaitaipuacu_ortodontia/,agregador/social,ON
Protese Dentaria Jayme Vale,5521997353379,,sem site,
Sorrisoacu Clinica Odontologica E Estetica,5521968311124,https://instagram.com/sorrisoacu?igshid=YmMyMTA2M2Y=,agregador/social,ON
Clinica Integrada Dr Alberto Costa,5521993431289,https://www.instagram.com/dralbertoodonto/,agregador/social,ON
Mcs Laboratorio De Protese Dentaria,5521998676205,,sem site,
Dra Juliane Madeira,5521974168585,https://api.whatsapp.com/send/?phone=5521974168585&text&type=phone_number&app_absent=0,agregador/social,ON
"Dr. Jouberth Torres, Cirurgiao Buco-maxilo-facial",5521977236016,http://www.jouberthbucomaxilo.com/,site próprio,OFF (405)
Consultorio Odontologico Marta Rosenberg,5521972274284,https://www.facebook.com/profile.php?id=100023570334218,agregador/social,ON
Construindo Sorrisos -harmonizacao Orofacial Dr. Fernando Cesar P. Costa,5521999128679,,sem site,
Inova Odontologia Especializada,5521971669888,https://wa.link/qsu66t,site próprio,OFF (401)
Dentista Alessandra Marinho,5521982778549,,sem site,
Orali,5551991501551,https://orali.com.br/,site próprio,OFF (406)
Sabre Odonto,5551991937322,https://www.sabreodonto.com.br/dentista-porto-alegre/,site próprio,OFF (403)
Dra. Desiree Terra Lazaroto - Dentista - Ortodontista,5551999859232,https://www.instagram.com/desireetlazaroto,agregador/social,ON
Clinica Odontologica Fessil,5551999661460,,sem site,
Benquer Odontologia | Dentista Auxiliadora Porto Alegre,5551999434126,https://benquerodontologia.com.br/,site próprio,OFF (406)
Clinica Koelsch,5551998054598,,sem site,
Mira Odontologia Porto Alegre,5551999504038,,sem site,
Dra. Vanessa Freitas,5551997173229,,sem site,
Dentista Dra. Aline Kolling,5551996101217,,sem site,
"Dr. Lucas Martins - Dentista Em Porto Alegre, Rs | Implantes Dentarios, Proteses, Facetas De Resina, Harmonizacao Facial",5551985708190,https://www.instagram.com/lucasnmart_/,agregador/social,ON
Dr. Marcelo Dornelles,5551993572189,,sem site,
Dra. Patricia Oliboni De Bairros,5551992084931,,sem site,
Dra Arielle Salvi - Dentista Bom Fim,5551980801020,,sem site,
Dr Rafael Cidade | Dentista | Porto Alegre,5551996615640,http://bio.site/dr.rafaelcidade,agregador/social,ON
"Oa Odontologia - Consultorio Odontologico - Bairro Santana, Porto Alegre",5551991922299,,sem site,
Dra. Debora Tedesco L Odontologia E Ortodontia,5551984224229,https://www.instagram.com/dradeboratedesco,agregador/social,ON
Dra. Indira Hadi Odontopediatra | Sorriso Da Familia,5551992089552,,sem site,
Dra Sabrina Wilde,5551981768197,https://drasabrinawilde.com.br/,site próprio,OFF (406)
Dentista Fernando Schneider - Porto Alegre,5551999660794,https://api.whatsapp.com/send?phone=5551999660794,agregador/social,ON
"Schmitz Amorim Odontologia | Odontopediatra, Invisalign E Ortodontista Convencional",5551998485568,https://www.schmitzamorimodonto.com.br/,site próprio,OFF (520)
Dr. Jesse Passos - Implantes Dentarios Porto Alegre,5551990127700,https://www.instagram.com/drjessepassos/,agregador/social,ON
Mauricio Tomazoni | Lentes De Contato Dental Porto Alegre | Implante Dentario,5551996068383,https://www.mauriciotomazoni.com/zona-norte,site próprio,OFF (405)
"Blanca Odontologia Poa - Implantes, Proteses, Facetas, Ortodontia, Invisalign, Alinhador, Lentes Contato, Harmonizacao Facial",5551999111123,https://www.instagram.com/blancaodontologiapoa,agregador/social,ON
Dra. Camila Della Flora 308 (dentista),5551983137610,https://www.instagram.com/dra.camiladellaflora,agregador/social,ON
Clinica Odontologica Alfa Odonto,5551994667112,,sem site,
Dr. Marcelo Yuzo Sato,5551998307679,,sem site,
Luciane Callegari Schuler Urgencias Dentarias Odontologicas Sab/dom/feriados,5551984870188,,sem site,
Noua Odontologia,5551989716868,,sem site,
Dra. Julia Vasconcelos - Cirurgia-dentista,5551998973793,https://www.instagram.com/juvasc.dentista/?hl=pt-br,agregador/social,ON
Lais Roncatto | Cirurgia-dentista,5554999634731,https://instagram.com/dentista.laisroncatto,agregador/social,ON
Clinica Calegari Odontologia- Avenida Emilio Ribas,5511973550053,http://www.clinicacalegari.com.br/,site próprio,OFF (406)
Dra. Giovanna Mariano | Dentista Em Guarulhos | Alinhadores Sousmile,5511914607463,,sem site,
Clinica Vassoler,5511988434950,,sem site,
Dentista 24 Horas - Odonto Damaceno,5511916530732,https://damacenodentista24horas.com.br/,site próprio,OFF (502)
Saude Bucal Brasil,5511984676243,https://saudebucalbrasil.com.br/,site próprio,OFF
Sapata Odontologia | Lentes E Facetas Em Guarulhos,5511991492840,https://sapataodontologia.com.br/facetas-dentais/,site próprio,OFF (406)
Sorriso E Face,5511947294959,https://clinicacor.com.br/,site próprio,OFF
Dra Vitoria Rigato - Dentista Em Guarulhos,5511976100692,http://www.dravitoriarigato.com.br/,site próprio,OFF
Orthocare Hamonizacao Facial E Odontologia - Dentista Em Guarulhos,5511974004969,https://goo.gle/FalecomOrthocare,agregador/social,ON
Dentista 24hrs - Atos Odontologia Guarulhos,5511920817179,,sem site,
Dentista - Odontologia Especializada C-rizzo - Guarulhos,5511976126729,,sem site,
G.a.odontologia(r) - Clinica Odontologica Em Guarulhos,5511963907625,https://gaodontologia.com/,site próprio,OFF
Dentista Dra. Katerine | Guarulhos,5511951739508,,sem site,
Odontologia Costa Medina,5511970740468,https://wa.me/5511970740468,agregador/social,ON
Ortofocus Clinica Odontologica - Dentista,5511996956279,,sem site,
Hori Clinica Guarulhos | Dentistas Em Guarulhos - Sp | Lentes De Contato Dentais | Implantes Dentarios,5511988677023,https://horiclinicaguarulhos.com.br/,site próprio,OFF (406)
Ceog's Centro Odontologico Global,5511988870226,http://www.ceogs.com.br/,site próprio,OFF (404)
Dentista 24 Horas Consultorio Dra Thalitta Fiamma,5511971272341,https://instagram.com/dra.thalittafiamma?igshid=NTc4MTIwNjQ2YQ==,agregador/social,ON
Clinica Odontologica Reoli,5511949376011,http://www.clinicareoli.com.br/,site próprio,OFF
Especiale Odontologia,5511955933228,http://especialeodonto.com.br/,site próprio,OFF
Aoun Implantes Dentarios Dentista Em Guarulhos,5511945500060,https://aounodontologia.com.br/,site próprio,OFF (406)
"Vilari Odontologia | Dentista Em Guarulhos - Implante Dentario, Protese Protocolo, Facetas De Resina, Aparelho Ortodontico",5511917563455,,sem site,
Clinica Odontologica Em Guarulhos Opus Odonto +,5511961750239,https://opusodonto.com.br/,site próprio,OFF
Dentista Em Guarulhos | Dra. Adilla Arruda,5511991990421,https://draadillaarruda.com.br/,site próprio,OFF (406)
Dentista Guarulhos - Dra. Patricia Rezende,5511995669662,,sem site,
Dental Power - Comercio De Produtos Odontologicos,5511947959154,https://promo.dentalpower.com.br/new-lp-whastapp,site próprio,OFF
Clinica Calegari - Sao Joao,5511943601019,https://www.clinicacalegari.com.br/,site próprio,OFF (406)
Duo Atelie,5511966360223,http://www.duoatelieodontologico.com.br/,site próprio,OFF (403)
Clinica Odontologica Paoletti,5511987140535,https://wa.me/5511987140535?text=Ol%C3%A1%21+Vim+do+Google...,agregador/social,ON
Demay Odontologia | Dentista Em Guarulhos,5511976429259,https://demay-dentista-em-guarulhos.negocio.site/?utm_source=gmb&utm_medium=referral,site próprio,OFF (404)
Clinica Odontologica Dra Thais Oliveira,5585998658683,,sem site,
Clinica Dentalfe,5585988061111,,sem site,
Oral Vitta,5585988852046,,sem site,
Dra. Gabriela Maia,5585997050628,https://www.instagram.com/dra.gabrielamaia/,agregador/social,ON
Ama Odonto Multiclinica,5585991010000,http://www.amaodonto.com.br/,site próprio,OFF (406)
Dr. Igor Pontes,5585987571621,,sem site,
Sorria Com Saude,5585998688939,,sem site,
Dr. Leonardo Carvalho,5588996621933,,sem site,
Clinica Novo Sorriso,5585996027786,https://www.instagram.com/novosorrisoodt/,agregador/social,ON
Clinica Odontologica Lourinho Ltda,5585988404126,http://www.instagram.com/karolynaborgesodontologia,agregador/social,ON
Viver + Odonto | Dentista | Aparelho Ortodontico | Implante | Conjunto Ceara / Fortaleza,5585986608306,https://dentistavivermaisodonto.com.br/,site próprio,OFF (406)
Monte Clinica,5585996042346,http://www.monteclinica.com/,site próprio,OFF
Odontodent,5585988883850,https://www.instagram.com/odontodent_fortaleza/,agregador/social,ON
Dra. Renata De Paula,5585999034006,,sem site,
Dra. Roberta Leal,5585986945295,,sem site,
Lafayette Dent & Saude,5585987083900,,sem site,
Camila & Evertton Odontologia,5585986369740,http://camilaeevertton.com.br/,site próprio,OFF (406)
Dr. Everton Cavalcante,5585986778616,https://wa.me/5585986778616,agregador/social,ON
Oral Unic,5585981936597,http://www.oralunicfortaleza.com.br/,site próprio,OFF (406)
Dr. Dennys Baetas Rocha,5585985516030,https://dennysbaetas.com.br/,site próprio,OFF (406)
Clinica Sorriso E Vida,5585989770090,https://mkt.condemkt.com/clinicasorriso,site próprio,OFF (406)
Dr. Marcelo Meireles,5585989624780,https://www.instagram.com/marcelomeirelesodontologia,agregador/social,ON
Dr. Flavio Mattos,5585988418549,http://instagram.com/drflaviomattos,agregador/social,ON
Clinica Viva Dente,5585998280795,,sem site,
Dr Vinicius E Dra Carline - Oral Implantes,5585999206899,https://orofacesupreme.com.br/,site próprio,OFF (406)
Ad Odonto,5585988715827,https://www.adodonto.com.br/implantes,site próprio,OFF
Odonto Center - Unidade 02,5585987807401,https://site.odontocenteronline.com.br/,site próprio,OFF
Dra. Flavia Marcon,5585999353006,https://www.instagram.com/flaviamarconm/,agregador/social,ON
Clinica Tia Vi,5585999185620,https://www.instagram.com/tiavidentistadecrianca/,agregador/social,ON
Dra. Rafaela Muniz/cirurgia-dentista,5585987275753,,sem site,
Dra Leticia Castanheira,5585999650957,https://draleticiacastanheira.com.br/,site próprio,OFF
Dra Erica Goncalves,5585992404636,https://ericagoncalves.com.br/,site próprio,OFF (406)
Dra. Cinthya Quagliato,5585997479505,http://dracinthyaqn.com.br/,site próprio,OFF (406)
Orto Dente,5585988834343,https://wa.me/5585988834343?text=Ol%C3%A1%2C%20equipe%20da%20Cl%C3%ADnica%20Odontol%C3%B3gica%20Ortodente!%20%F0%9F%A6%B7%20Encontrei%20voc%C3%AAs%20no%20Google%20e%20gostaria%20de%20saber%20mais%20sobre%20os%20servi%C3%A7os%20oferecidos%2C%20como%20aparelhos%2C%20clareamento%2C%20implantes%2C%20remo%C3%A7%C3%A3o%20de%20siso%2C%20seda%C3%A7%C3%A3o%20com%20%C3%B3xido%20nitroso%20e%20outros.%20Poderiam%20me%20ajudar%3F%20%F0%9F%98%8A,agregador/social,ON
Clinica Reali Odontologia,5585981803154,https://instagram.com/reali.odontologia?igshid=YmMyMTA2M2Y=,agregador/social,ON
B&b Odontologia Especializada,5585989921927,,sem site,
Ds Clinic,5585988533637,,sem site,
Dra Cintia Figueiredo,5585994336372,https://dracintiafigueiredo.com.br/,site próprio,OFF (406)
Dr. Dantas,5585985533753,https://drdantasodontologia.com.br/,site próprio,OFF
Odonto Center,5585987338080,https://site.odontocenteronline.com.br/,site próprio,OFF
Clinica Eduardo Girao,5585997927942,,sem site,
Dra Adriana Britto,5585985444002,http://www.adrianabritto.com.br/,site próprio,OFF (404)
Clinica Garcia Melo,5585991427775,https://www.instagram.com/clinicagarciamelo/,agregador/social,ON
"Dra Sandra Nogueira | Dentista Fortaleza | Dtm, Bruxismo E Dor Na Face | Clareamento Dental",5585992818015,https://www.instagram.com/drasandranogueira_/,agregador/social,ON
Dr Thiago Vasconcelos,5585991604868,,sem site,
Dra. Brenda Farias,5585991023435,https://bit.ly/Consultas-DraBrendaFarias,agregador/social,ON
Wy Odonto,5585981087697,https://instagram.com/wy.odonto?igshid=YmMyMTA2M2Y=,agregador/social,ON
Odonto Clinica Antonio Bezerra,5585997499067,,sem site,
Consultorio Dra Cristiane Gomes,5585985495425,,sem site,
Dra Camila Lopes,5585999904176,https://linktr.ee/Dra.camilalopes,agregador/social,ON
Conceito Odontologia,5585988953124,http://www.conceitoodonto.com.br/,site próprio,OFF (406)
Odontocompany Fortaleza,5585981984307,,sem site,
Dra. Revila Bianca,5585996314714,,sem site,
Dentista Em Granja Lisboa - Clinica Sorriso E Vida,5585986224857,https://api.whatsapp.com/send?phone=5585986224857&text=Ol%C3%A1%2C%20gostaria%20de%20informa%C3%A7%C3%B5es%20referente%20ao%20atendimento%20com%20Dentista.,agregador/social,ON
Dr. Carlos Cicero - Implantes Dentarios Fortaleza,5585992698236,https://drcarloscicero.com.br/,site próprio,OFF (406)
Dentista Em Casa,5585986906269,,sem site,
Alinhadores Fortaleza,5585988817602,https://www.instagram.com/elisagurgelsimas/,agregador/social,ON
Odonto Center - Clinica Popular - Unidade 04,5585989274822,https://site.odontocenteronline.com.br/,site próprio,OFF
Clinica Dentista Top,5585985782020,,sem site,
Dra Benaiza,5585987881741,,sem site,
Dra. Marcia Nunes I Dentista I Ortondontia I Implante Dentario I Parangaba - Fortaleza,5585999776205,https://wa.me/5585999776205,agregador/social,ON
Marina Studart,5585985966183,https://bit.ly/3ouhNPT,agregador/social,ON
Dra. Luana Pitombeira - Ortodontia E Odontologia Estetica,5585999618302,https://sites.google.com/view/draluanapitombeiradentista/dra-luana,agregador/social,ON
Inovaface,5585989391010,,sem site,
Dra.stefany Alencar Odontologia,5585997229033,,sem site,
Dra Luciana & Dr Fernando,5585981230023,,sem site,
Perfecta Odontologia,5519987220849,https://odontoperfecta.com.br/,site próprio,OFF (406)
Dra Mariana Mazzolani - Cro 111546 - Ortodontia|swiss Park|invisalign Doctor|dentista Em Campinas|invisalign Em Campinas,5519991091330,http://amyoclinic.com.br/,site próprio,OFF
Orny Odontologia,5519992909917,http://www.ornyodontologia.com.br/,site próprio,OFF (406)
Clinica Vida Odontologia,5519981274256,,sem site,
Odonto Mares,5519987026707,http://www.odontomares.com.br/,site próprio,OFF (406)
Bom Retiro Med Odonto,5519992420057,,sem site,
...,5519999579704,https://dentistaidealparavoce.com.br/,site próprio,OFF
Clinica Alo Dente,5519983030540,https://www.instagram.com/marlieriamartins/,agregador/social,ON
Odonto Excellence Campinas - Ouro Verde,5519999405084,,sem site,
Levare Odontologia - Dentista Campinas,5519993851155,https://levareodontologia.com.br/,site próprio,OFF (406)
Dra Vitoria Prado Odontologia,5519989455636,https://www.instagram.com/dravitoriaprado/,agregador/social,ON
Heal Odontologia,5519989135177,http://www.healodontologia.com.br/,site próprio,OFF (406)
Odonthos Odontologia Integrada,5519981248789,http://www.odonthos.com.br/,site próprio,OFF (406)
Dra. Michelle Sakihama Ortodontista | Invisalign Em Campinas | Dentista Em Campinas | Alinhadores,5519997107150,https://www.instagram.com/dra.michelle.sakihama,agregador/social,ON
Dra. Glaucia Bertoli Odontologia -dentista Campinas - Lente De Contato-restauracao-protese-implante-protocolo-ortodontia,5519981270602,http://instagram.com/dra.glauciabertoli,agregador/social,ON
Dra. Flavia Sales,5519989301980,https://draflaviasales.com.br/,site próprio,OFF (406)
Dra. Caroline Tigre * Lentes Em Resina & Porcelana,5519991816379,https://www.instagram.com/dracarolinetigre/,agregador/social,ON
Neo - Nucleo Especializado Em Odontologia,5519992364004,,sem site,
Dra. Camila Castro - Reabilitacao Oral E Estetica Dental,5519971382006,https://www.camilardcastro.com.br/,site próprio,OFF (406)
Soares & Faria Odontologia,5519995632393,https://www.facebook.com/soaresfariaa.odontologia,agregador/social,ON
Dr. Fabiano Arrivabene Crosp 68.858 - Especialista Em Implantes Dentarios - Campinas - Sp,5519998507004,https://arrivabeneimplantedentario.com.br/,site próprio,OFF (406)
Dra Malu Franco Odondologia | Dentista Em Campinas,5519974128711,http://www.dramalufranco.com.br/,site próprio,OFF (406)
Juliana Pelegrini - Dental Boutique,5519982713389,http://www.julianapelegrini.com/,site próprio,OFF
Dra. Karla Vazone - Dentista E Odontologia Estetica Em Campinas - Sp,5519981278626,,sem site,
Liedente Dental Clinic,5519996779433,https://www.liedente.com.br/,site próprio,OFF (406)
Amyo Clinic |ortodontia|swiss Park|invisalign Doctor|dentista Em Campinas,5519991091330,http://www.amyoclinic.com.br/,site próprio,OFF
Dentista Sulamerica Odontocenter Odontologia Avancada,5519992260658,,sem site,
Dr. Gustavo Quesada | Dentista Em Campinas - Sp,5519981246011,,sem site,
"Dra. Andrea Fogaca Meneguette, Dentista",5519997434617,http://www.andreameneguette.com.br/,site próprio,OFF (406)
Nicdente Odontologia Integrada - Dra Glaucia Bertoli,5519981270602,http://instagram.com/nicdente.odontologia,agregador/social,ON
Levive Odontologia | Dentista Em Campinas,5519971375551,http://www.leviveodontologia.com.br/,site próprio,OFF
Dra. Tatiana Abujamra - Dentista - Campinas - Sp,5519971181707,https://wa.me/message/RO2LKSMEKYVWH1,agregador/social,ON
Dr. Otavio Alberici - Cirurgiao Dentista,5519997740205,https://sites.google.com/view/drotavioalberici,agregador/social,ON
Dra Natalia Gesualdi,5519997994250,https://sites.google.com/view/gesualdi-odontologia,agregador/social,ON
Dent+ Niteroi,5521982226494,http://www.dentmais.com.br/,site próprio,OFF
Clinica Odontologica Saude Oral,5521989080507,https://saudeoralniteroi.com.br/,site próprio,OFF (406)
"Dra Simone Quadros - Dentista Em Casa, Home Care Odontologico E Consultorio Em Niteroi, Dentista Oncologica, Laserterapia",5521997996781,https://linklist.bio/SimoneQuadros,site próprio,OFF (403)
Tratamento De Canal Com Microscopio - Dra. Alessandra Fonseca: Endodontista,5521988863024,,sem site,
Ceo - Centro De Especialidades Odontologicas,5521991415706,http://ceoniteroi.com.br/,site próprio,OFF (403)
Odontocompany Niteroi,5521972220363,,sem site,
"Dentista E Harmonizacao Facial Em Niteroi , Sao Goncalo, Cabo Frio E Barra Da Tijuca - Dra. Carol Braga",5521997644278,https://www.instagram.com/dracarolbraga?igsh=MWg1eDRpb3llbGM4Zg==,agregador/social,ON
Odonto Vale,5521997144864,,sem site,
Dra. Marcela Froes | Implantes Dentarios Em Niteroi - Rio De Janeiro,5521999536352,https://www.marcelafroesodontologia.com/,site próprio,OFF
Mauro Lefrancois Odontologia | Dentista Em Niteroi | Restauracao Em Resina | Implante Dentario | Restauracao De Porcelana,5521989855851,https://www.instagram.com/maurolefrancois,agregador/social,ON
Claudia Fatima Odontopediatria E Ortodontia,5521983344463,http://www.draclaudiafatima.com.br/,site próprio,OFF (406)
Rl Odontologia | Dentista Em Niteroi,5521971008459,,sem site,
Maxdents Odontologia Integrada | Implantes Dentarios Em Niteroi | Protese Em Niteroi,5521967534227,,sem site,
Up Dent - Clinica Odontologica,5521999509966,https://www.instagram.com/updentclinica_?igsh=cTN5MXI0Mm5hMWF2,agregador/social,ON
Tratamento De Canal Com Microscopio & Laser - Dra. Patricia Pizzol Endodontista,5521999363956,https://www.instagram.com/drapatriciarpizzol/?hl=pt-br,agregador/social,ON
Odonto Uai Niteroi,5521999283529,,sem site,
Dra Milena Rocha | Dentista Icarai,5521933004245,,sem site,
Oral Sin,5521971356272,https://lp2.oralsinniteroi.com.br/implante-v8p,site próprio,OFF (403)
Dentista | Dra Clarissa Gomes,5521991713370,https://linklist.bio/DraClarissaGomes,site próprio,OFF (403)
Dra Helaine Housy - Cirurgia Dentista Urgencia,5521972645491,https://instagram.com/drahelainehousy_urgencia?igshid=MzNlNGNkZWQ4Mg==,agregador/social,ON
Clinica Odontologica Sorrir Demais,5521974509062,,sem site,
Consultorio Odontologico Dr. Tulio Mota Facetas Niteroi Dentista Niteroi,5521966436752,http://www.drtuliomota.com.br/,site próprio,OFF
Sorriario Niteroi Ii - Clinica Odontologica,5521998425840,,sem site,
Odonto Oral - Dentista | Protese Dentaria | Tratamento De Canal | Clareamento Dental,5521982020424,http://www.odontooral.com/,site próprio,OFF (406)
Dra. Carina Lyra - Dentista,5521964114521,https://dracarinalyra.com.br/,site próprio,OFF (406)
"Integrale Odontologia| Seu Dentista No Coracao De Niteroi |amil, Bradesco, Odontoprev E Particular",5521976797822,https://www.dentistaemniteroi.com/,site próprio,OFF
Ortolook Niteroi - Clinica Odontologica,5521988109067,,sem site,
Vittali Odontologia - Dentista Em Niteroi -,5521998505616,https://www.instagram.com/vittali_odontologia?igsh=MXFhczhmd2xqZXNpYg%3D%3D&utm_source=qr,agregador/social,ON
Nitz Odontologia - Especialista Em Implantes Dentarios,5521969354158,http://implantes.nitzodontologia.com.br/,site próprio,OFF (406)
Clinica Odontologica Feliz Dente Niteroi / Dentista Centro Niteroi,5521970466409,https://www.instagram.com/felizdenteniteroi/,agregador/social,ON
Dra Paula Tepedino,5521989959537,https://drapaulatepedino.com.br/,site próprio,OFF (406)
Biorelli Odontologia - Dra. Alexandra Andrade - Dentista Em Niteroi - Consultorio Odontologico - Facetas Niteroi,5521965425316,,sem site,
Dra. Daria Glaucia Cruz I Odontopediatra,5521973207450,https://www.instagram.com/dariaglauciac,agregador/social,ON
Odontomelo,5521998556852,https://odontomelo.com.br/,site próprio,OFF (406)
Dra. Lana Delarue - Dentista Centro Niteroi,5521979531399,https://www.instagram.com/dra.lanadelarue,agregador/social,ON
Inovar Odontologia Especializada,5521992666337,https://inovarodontologianiteroi.com.br/implantes/,site próprio,OFF (406)
Dr. Leonardo Moll - Implantes Dentarios E Reabilitacao Oral,5521970959890,https://linktr.ee/drleonardomoll,agregador/social,ON
Dra Isabella Jannotti Odontopediatra,5521998930420,https://www.draisabellajannotti.com.br/?,site próprio,OFF
Dentista Em Icarai - Niteroi | Dra. Nubya Mattos | Odontologia Em Casa | Implante Dentario,5521991121410,http://www.facebook.com/emcasadentista,agregador/social,ON
Dra. Renata Manhaes - Dentista,5521985224482,https://linktr.ee/drarenatamanhaes,agregador/social,ON
Dra Gabriella Castro Harmonizacao Integrativa Niteroi Icarai,5521971903406,https://bit.ly/gabriellacastro,agregador/social,ON
Doutor Sorriso | Dentistas Em Niteroi/rj,5524992955919,,sem site,
Tp | Odontologia - Thiago Prado,5521987944696,http://www.tpodontologia.com.br/,site próprio,OFF (406)
Tres Odontologia,5521976958787,,sem site,
Mf Reabilitacao Oral E Implante,5521983175506,,sem site,
Dra Raquel Carrillho | Dentista Em Niteroi,5521970054006,https://linklist.bio/RaquelCarrilho,site próprio,OFF (403)
Dra. Juliana Coelho | Dentista Em Niteroi,5521997502714,https://julianacoelhodentista.com/,site próprio,OFF (406)
Consultorio Odontologico Dra. Mariane G. De Freitas,5521981717284,https://marianefreitas.com.br/,site próprio,OFF
Odontocompany Largo Da Batalha,5521997981045,https://sites.google.com/odclargodabatalha.com/odontocompanylargodabatalha/p%C3%A1gina-inicial,agregador/social,ON
Dr. Vinicius Souza | Dentista Icarai,5521991763899,,sem site,
Dra. Vanessa Ornellas Narciso (invisalign Doctor ),5521984065517,https://www.rennoveicarai.com.br/,site próprio,OFF
Dra. Tatiana Mendes,5571999544452,https://www.instagram.com/dratatianamendes/,agregador/social,ON
Dra Anita Beatriz/ Dentista Salvador/ Dentista Caminho Das Arvores/ Invisalign/ Sousmile,5571987003052,http://www.abvodontologia.com.br/,site próprio,OFF (406)
Dra Ilana Neves,5571991266087,http://www.implantesdentariossalvador.com/,site próprio,OFF (405)
Dentista Baiano - Especialista Em Implantes Dentarios Em Salvador,5571984503131,,sem site,
Dentista Dra. Ana Francischone,5571996460846,https://www.anafrancischone.com.br/,site próprio,OFF
Clinica Nucleo De Odontologia,5571986779247,,sem site,
Clinica Odontologica Ic Odontologia Estetica - Clareamento Dental - Protese Dentaria,5571991436981,https://www.guiamais.com.br/salvador-ba/clinicas-medicos-e-terapias/clinicas-odontologicas/11226920-9/clareamento-dental-clinica-ic-odontologia-pernambues,site próprio,OFF (502)
Dr Adauto Mascarenhas|centro Medico Salvador,5571999520796,,sem site,
Odontovance | Dr Luiz Nery & Dra Daniele Lima - Estetica Dental Em Salvador - Ba,5571996405462,http://linktr.ee/odontovance,agregador/social,ON
Dra Marcia Navarro - Ortodontista Salvador,5571992894388,,sem site,
Clinica Bahia Odonto,5571997004085,http://clinicabahiaodonto.com/?utm_source=gmb&utm_medium=referral,site próprio,OFF
Dentista Salvador,5571996197601,https://dentistasalvador.com.br/,site próprio,OFF (404)
Clinica Sorrizues - Sorriso De Pernambues,5571999666663,http://www.clinicasorrizues.com.br/,site próprio,OFF
Clinica Odontologica Da Liberdade,5571988050407,https://instagram.com/clinicacol.liberdade?utm_medium=copy_link,agregador/social,ON
Zanelle Odontologia | Dentista Cabula Vi,5571991410445,https://instagram.com/zanelleodontologia?igshid=YmMyMTA2M2Y=,agregador/social,ON
Dr. Andre Cardoso,5571999890813,,sem site,
Avanco Odontologia Moderna,5571992051474,,sem site,
Clinica Sorrir,5571993020088,,sem site,
Dra. Marta Cecilia,5571993272250,http://www.dramartacecilia.com.br/,site próprio,OFF (406)
Primor Odontologia Especializada,5571985043027,,sem site,
Dentista Salvador - Ornatti,5571999554347,http://dentistisalvador.com/?utm_source=gmb&utm_medium=referral,site próprio,OFF (404)
Dra. Amanda Lima,5571993388121,https://wa.me/5571993388121,agregador/social,ON
Dr. Fabio Vieira - Odontoclive Odontologia Estetica Salvador,5571991138823,,sem site,
Dentista Dr Fausto Queiroz I Implante Dentario Em Salvador,5571999544452,https://api.whatsapp.com/send?phone=5571999544452&text=Oi%20%2C%20vi%20no%20google%2C%20quero%20saber%20mais%20%20sobre%20o%20atendimento%20odontol%C3%B3gico,agregador/social,ON
Akio Miura,5571988368334,,sem site,
Clinica Sellus Odontologia| Dentista Em Salvador,5571996867814,,sem site,
Odontopires,5571991518933,https://sites.google.com/view/odontopires-dentistasalvador/p%C3%A1gina-inicial,agregador/social,ON
Bioimplan Implantes Dentarios Salvador,5571982348331,http://www.bioimplan.com/,site próprio,OFF (406)
Spazio Oroface | Dentista | Clinica Odontologica,5571993684822,,sem site,
Dra. Ananda Bahia Clareamento Dental,5571986204906,,sem site,
Clinica Dental Plus,5571993760143,,sem site,
Odontocompany Tancredo Neves,5571982333663,http://www.instagram.com/odontocompanytancredoneves,agregador/social,ON
Clinica Odonto Centro,5571992066996,http://odontocentroclinica.com/,site próprio,OFF
Voa Odontologia - Clinica Odontologica No Stiep,5571992680570,http://www.voaodontologia.com.br/,site próprio,OFF
Dr. Paulo Pinheiro,5571997330282,https://instagram.com/sorrisospordrpaulo?utm_medium=copy_link,agregador/social,ON
Dentista Dra Karolaine Lima,5575992235545,https://www.instagram.com/dra.karolainelima/profilecard/?igsh=MTJwaGpmbmFsc2ExMQ==,agregador/social,ON
Central Do Dente,5571993160899,,sem site,
"Dra. Juliana Mattos - Dentista Ortodontista, Ortopedista Facial, Sono. Salvador E Feira De Santana",5571996338209,https://linktr.ee/drajulianamattos,agregador/social,ON
"Dr. Dario Miranda, Dentista",5571985566332,,sem site,
Dentista Dr. Guga Freitas,5571997262368,https://facetasdentais.com.br/,site próprio,OFF
Odontocompany - Salvador Brotas,5571997144716,,sem site,
Cliob (clinica Integrada De Odontologia Da Bahia) | Dentista | Harmonizacao Facial | Salvador,5571984438855,https://wa.me/5571984438855?text=Ol%C3%A1!%20Vim%20do%20Google%20e%20gostaria%20de%20saber%20mais.,agregador/social,ON
"Clinica Odontologica Volte A Sorrir, Salvador - Ba",5571983894966,,sem site,
Odonto Class,5571982424200,https://www.facebook.com/odontoclassbahia,agregador/social,ON
Instituto Odontologico Dr. Pedro Alexandre,5571984672724,,sem site,
Dentista 24h | Elo Dent | Clinica Odontologica | Dentista Em Goiania Go | Implante Dentario,5562984469382,https://elodent.com.br/,site próprio,OFF
Mrj Odonto Center - Dentista Com Sedacao,5562996408684,http://www.mrjodontocenter.com.br/,site próprio,OFF (406)
"Dra Rubya Leone Dentista Domiciliar Tratamento Odontologico Paliativo, Preventivo, Laser Terapia",5562986061359,https://sites.google.com/view/dentistadomiciliar/in%C3%ADcio,agregador/social,ON
Sorridents Goiania Campinas,5562995486442,https://wa.me/5562996494191?text=Ol%C3%A1%2C+vim+pelo+Google+Perfil+de+empresa%2C+gostaria+de+agendar+uma+avalia%C3%A7%C3%A3o.,agregador/social,ON
Clinica Nucleo Odonto,5562981391800,https://wa.me/5562981391800,agregador/social,ON
Premier Odontologia,5562996678906,http://premierodontologiago.com.br/,site próprio,OFF
Qualydent Odontologia Integrada,5562986223450,http://www.qualydentodontologia.com.br/,site próprio,OFF (406)
Dentista Odontologia Clinica Dr Carlos & Dra Marcella - Goiania,5562985578042,http://cdagoiania.com.br/,site próprio,OFF
Instituto Matka Dentista Goiania,5562999468115,https://www.instagram.com/instituto.matka,agregador/social,ON
Let's Kids | Especialistas Odontopediatras | Urgencia Odontopediatria 24h | Goiania,5562983154282,https://instagram.com/letskidsodontopediatria,agregador/social,ON
Dentista Em Goiania Go | Instituto Roque Udson | Facetas De Porcelana | Clinica Odontologica,5562999868377,http://drroqueudson.com.br/,site próprio,OFF
Clinica Odontologica Goiania - Odonto Fama,5562998320641,,sem site,
Adelar Odontologia,5562996483833,https://www.adelarodontologia.com.br/,site próprio,OFF (406)
Excelence Care Odontologia,5562983389691,https://www.instagram.com/excelencecareodontologia/,agregador/social,ON
Clinica Infinity Dental E Facial,5562981163663,https://www.instagram.com/infinitydentalefacial/,agregador/social,ON
Inovace Odontologia,5562986360866,http://www.instagram.com/inovaceodontologia,agregador/social,ON
Leonardo Bueno Odontologia,5562993142324,http://leonardobuenoodontologia.com.br/,site próprio,OFF (406)
Natus Odontologia,5562991973285,https://wa.me/5562991973285,agregador/social,ON
M.o. Odontologia Especializada,5562998677070,,sem site,
Total Dente Odontologia,5562981259281,,sem site,
Odonto Mais (unidade Goiania Centro),5562999534457,,sem site,
Jordana Freire Odontologia Microscopica,5562981021620,,sem site,
Sensie Odontologia,5562985881509,https://instagram.com/drcarloshenriquemutao?igshid=NzZlODBkYWE4Ng==,agregador/social,ON
Dentista Villa Do Sorriso,5562985551488,,sem site,
Instituto Correia,5562999001317,https://instagram.com/institutocorreia?igshid=ZDdkNTZiNTM=,agregador/social,ON
Odontocompany Marechal Rondon Goiania,5562982902321,,sem site,
Dra. Alice Chaves - Dentista,5562981013848,http://www.draalicechaves.com.br/,site próprio,OFF (406)
"Iso Campinas | Ortodontia | Implante Dentario | Dentista Em Goiania, Go",5562996167207,,sem site,
Linea Odontologia Especializada I Dentista No Setor Sul Em Goiania,5562992047038,,sem site,
Cirurgia Dos Sisos E Implantes Dentarios Com Especialista.,5562981850799,https://www.odontovipgo.com.br/,site próprio,OFF
Nay Tia Do Dente - Dentista De Crianca,5562984241674,,sem site,
Iero Odontologia,5562991271399,https://ierolp.com.br/lp-light/,site próprio,OFF
Novo Mundo Odontologia,5562983270128,,sem site,
Dr. Gabriel Godinho - Mago Do Sorriso Goiania-go,5562993603996,https://drgabrielgodinho.com.br/,site próprio,OFF
Dentista Goiania Viva - Harmonic Odontologia Integrada,5562998378681,https://www.instagram.com/odontoharmonic,agregador/social,ON
Dra Jessica Ferro | Dentista Em Goiania,5562981069696,,sem site,
Dentista Em Goiania - Milhomem Odontologia,5562981565308,https://www.milhomemodontologia.com/,site próprio,OFF
Dra. Juliana P. Martins - Prime Odontologia,5562992915061,,sem site,
Dra. Jessica Reis - Harmony Reis Clinic,5562981024530,http://drajessicareis.com.br/,site próprio,OFF (406)
Voce Sorrindo Implantes Goiania (unidade 5) | Dentista Em Goiania | Implantes Dentarios | Proteses Dentarias,5562993084788,,sem site,
Dra Giovanna Moreira | Dentista Em Goiania,5562982623700,https://www.instagram.com/dragiovannamoreira/,agregador/social,ON
Sorrix Sao Bernardo Do Campo,5511978600690,,sem site,
Cliniorto I Dra. Carla R Nobre - Emerald Invisalign I Excelencia Em Ortodontia No Abc - Estacionamento Exclusivo Em Frente!,5511987770335,https://cliniorto.com.br/lp-invisalign2,site próprio,OFF
Odontopar Clinica Odontologica,5511972048691,https://www.instagram.com/odontoparabc/,agregador/social,ON
Orttoc Ortodontia | Invisalign | Implantes Dentarios | Lentes De Contato | Implantodontia,5511995378451,http://www.orttoc.com.br/,site próprio,OFF (406)
Odontocompany Sbc-centro Dentista-implantes-protocolo-proteses-aparelho-facetas-canal-harmonizacao-cirurgias-clinico Geral,5511955995040,https://odontocompanysbc-centro.com/,site próprio,OFF (406)
Sorridents Sbc Centro,5511947312377,https://sorridents.com.br/sbc-centro/,site próprio,OFF (403)
Clinica Liss Odontologia,5511916273831,https://www.clinicaliss.com.br/,site próprio,OFF (520)
Odonto Santana,5511982495277,,sem site,
Sorria Sempre Sbc - Odontologia,5511982562031,https://linktr.ee/sorriasempre_ss,agregador/social,ON
Dentista L Dr. Oswaldo Minoru L Sao Bernardo Do Campo - Sp,5511957300000,https://sites.google.com/view/dentista-sbc-dr-oswaldo,agregador/social,ON
Hy Reabilitacao Oral E Estetica - Dentista Em Sao Bernardo Do Campo,5511952029237,,sem site,
Dra. Mirella Marques | M.m Odontologia,5511910050357,https://dramirellamarques.my.canva.site/,agregador/social,ON
Dentarth Nucleo De Saude Integrada,5511960969321,,sem site,
Merecita Odontologia,5511940478708,https://taggycontact.me/DraPatriciaMLopes?fbclid=PAAaaR8obDOov_XR4mm53l6eeuiSi-E_j_6isgT1pSCfNJMeuYWIXeXmoCaQo_aem_AYPURX-k8bl8kpZ9neHaiSy3ZzmGCZMxDA5ZPFvLt3Xkynjp1G2ukB_gMm5nW67KrPo,agregador/social,ON
Dg Odontologia | Especialistas Em Facetas Dentarias,5511964130704,https://clinicadgodontologia.com.br/,site próprio,OFF
Dra. Carolina De Araujo Guesse | Estetica Facial,5511957901214,https://dracarolinaguesseodonto.com.br/,site próprio,OFF
Dra. Marilia De Mattos Murai - Dentista,5511989946205,,sem site,
Dra. Vanessa Cantareira - Odontologia Integrada,5511951667542,https://dravanessacantareira.my.canva.site/,agregador/social,ON
Rc Odontologia Especializada,5511995559503,https://sites.google.com/view/rcodontologiaespecializada/p%C3%A1gina-inicial,agregador/social,ON
Dentistas Dra Ana E Dra Claudia,5511943410303,,sem site,
Dentista - Clinica Sanfer,5511969284874,,sem site,
Dr. Marcelo Stanzis - Clinica Odontologica - Ortodontista (invisalign Top Doctor),5511976898664,http://www.drmarcelostanzis.com/,site próprio,OFF (406)
Dr. Guilherme Augusto Miranda Dentista No Rudge Ramos | Emergencia 24 Horas | Facetas | Clareamento | Implante | Pontualidade,5511947111260,https://drguilhermeaugusto.com.br/,site próprio,OFF (403)
"Odontocompany Sbc Lucas Nogueira Garcez - Implantes E Protocolos Dentarios, Proteses, Clareamentos, Aparelho, Canal E Mais!",5511988202332,,sem site,
Consultorio Sorritmus,5511948193599,,sem site,
Clinica Chiste Odontologia E Estetica Orofacial,5511942387668,https://odontochiste.com.br/,site próprio,OFF
Dra. Ana Dias - Cirurgia Dentista,5511995378451,,sem site,
Petrim Odontologia,5511954689816,https://www.instagram.com/dradenisepetrim/,agregador/social,ON
Dra. Adriane Mello - Dentista,5511998273166,,sem site,
"Dentista Sbc, Implante Dentario, Lentes De Contato Dental | Dentista Em Sao Bernardo Do Campo, Clinica Odontologica Em Sbc",5511982495277,https://dentistasbc.com.br/,site próprio,OFF
Instituto Experts - Inro,5511955802269,https://inro.com.br/,site próprio,OFF (406)
Centro Odontologico Md,5511982065703,,sem site,
Dra. Paula Fonseca Alves - Dentista,5511915396419,,sem site,
Clinica Esperico Odontologia,5511995532448,,sem site,
Dra. Elisabete Kostin,5511942143106,http://www.draelisabetekostin.com.br/,site próprio,OFF
Dra. Talita Araujo Vaz,5511973448100,https://dratalitaaraujovazodonto.com.br/,site próprio,OFF (406)
Dental Studio Rdn,5511958987070,https://www.instagram.com/studiordprotese/,agregador/social,ON
Sorridents Barueri | Dentista Em Barueri,5511945193706,http://www.sorridents.com.br/,site próprio,OFF (403)
Dentz Barueri Silveira - Clinica Odontologica,5511979707760,http://www.rededentz.com.br/baruerisilveira,site próprio,OFF (409)
Dr. Allif Queiroz,5511943632049,,sem site,
Dra. Regina Yao | Dentista Em Barueri,5511964882633,https://www.instagram.com/dra.reginayao?igsh=MXg2c3RyNTdxeWNlcQ==,agregador/social,ON
Renova Implantes Barueri | Clinica Odontologica | Implantes | Proteses | Dentistas,5511918255125,,sem site,
Dra Amanda Leoncio - Dentista - Faceta/lente Em Resina,5511933208387,https://www.instagram.com/amandaleoncio__?igsh=MWt5c2x0ZHl5ZjZyaA==,agregador/social,ON
Equilibrio Orofacial Odontologia,5511986028218,https://equilibrioorofacial.com.br/,site próprio,OFF (500)
Uai Odontologia - Unidade Odontoclin,5511942742684,,sem site,
"Rd Instituto Odontologico - Estetica,lentes De Contato,implantes,harmonizacao Facial,reabilitacao Oral",5511950673268,https://rdinstitutoodontologico.com.br/,site próprio,OFF (406)
Oralle Clinica Odontologica,5511968507412,https://oralleodontologia.com.br/,site próprio,OFF
D+ Odonto Clinica Odontologica,5511964085862,,sem site,
Dra. Leticia Yumi Koseki,5511943632049,https://www.dentistabarueri.com/,site próprio,OFF (405)
Consultorio Odontologico Dra. Dayane Duraes,5511957606663,,sem site,
Niimiodontologia Clinica E Estetica Facial,5511960330231,https://beacons.ai/niimiodontologia,agregador/social,ON
Eliane M A Pinto Odontologia - Unidade 1,5511981427530,https://draelianemapinto.carrd.co/,agregador/social,ON
Armoni Odontologia Estetica E Tecnologia - Dra Sheila Lobo Cataldo,5511989013974,https://clinicaarmoni.com.br/,site próprio,OFF (406)
Tf Odontologia Estetica,5511959708276,,sem site,
"Mb Odontologia- Harmonizacao Facial, Especialista Em Implantes E Reabilitacao Oral Em Alphaville E Tambore",5511912761413,https://www.instagram.com/dra.maurabechini/,agregador/social,ON
Koseki & Prado Clinica Integrada,5511943632049,,sem site,
Gripp Odontologia,5511942284114,https://www.grippodontologia.com.br/,site próprio,OFF (406)
Asta Odontologia / Dentista,5511992619986,https://www.instagram.com/draanapaulaasta?igsh=MWFyNHdnNXBjN2Q0dA%3D%3D&utm_source=qr,agregador/social,ON
Specialis Odontologia,5511976922960,https://instagram.com/specialis.odonto?igshid=YmMyMTA2M2Y=,agregador/social,ON
Renata Senne,5511940217172,https://www.instagram.com/renatasenne.odontologia/,agregador/social,ON
Mrocha Odontologia Alphaville,5511991824206,,sem site,
Instituto Lucas Kussano,5511932731927,https://www.instagram.com/drlucaskussano/,agregador/social,ON
Brilha Dentes,5511946989567,https://www.instagram.com/brilhadentes/,agregador/social,ON
Dra. Fabiane Ferrari,5511963887548,,sem site,
Dr. Luiz Fernando Barroso,5511992986667,,sem site,
Dra. Francinne Dorea Stella ( Odontopediatria) - Oral Studio Dsg Alphaville,5511939293609,,sem site,
Ortodontia Invisalign Barueri Dra Kenya Franca,5511958171536,https://instagram.com/dra.kenya.ortodontia?igshid=YmMyMTA2M2Y=,agregador/social,ON
Instituto Mana Odontologia & Estetica,5511973162751,,sem site,
Dra. Evandra Fajardo,5511981501800,,sem site,
Clinica Katia Magro Odontologia E Estetica Facial,5511985422288,https://www.instagram.com/katiamagro/,agregador/social,ON
Clinica Sorrir Alphaville,5511989271298,,sem site,
Caue Rosa Odontologia Especializada,5511945492512,https://www.instagram.com/drcauerosa/,agregador/social,ON
Odonto Company Barueri - Implante Dentario - Extracao De Siso- Aparelho Odontologico,5511934520129,,sem site,
Dra. Daniela Nogueira - Harmonizacao Orofacial - Odontologia Estetica,5511950673268,https://rdinstitutoodontologico.com.br/,site próprio,OFF (406)
Ana Paula Niquerito Nunes - Cirurgia-dentista - Crosp 80726 - Especialista Em Odontologia Legal - Perita Judicial,5515991287242,,sem site,
Dra. Giulia Belnomo Monteiro - Dentista,5511920915288,,sem site,
Dra. Nayara Matos | Cirurgia Dentista,5511976473834,,sem site,
Revitaly Odontologia Especializada | Dentista | Barueri Alphaville,5511912399864,https://revitalyodontologia.com.br/inicio,site próprio,OFF
Clinica Bauer - Implantes,5511939627080,,sem site,
Ejl Odontologia E Estetica,5511970656345,,sem site,
Sorriso Jonson Odontologia,5511973117704,https://instagram.com/sorrisojonson?igshid=YmMyMTA2M2Y=,agregador/social,ON
Modelo Odonto - Dra Jamile Branco / Dr Joao Paulo Alves/dra Lara Melo/dr Matheus Andre,5511991422662,,sem site,
Dra. Carolina Antunes Roldan - Dentista Jundiai,5511958405304,http://bio.site/dracarolroldan,agregador/social,ON
Consultorio Dra. Joelma Vilas Boas,5511970188762,https://www.instagram.com/drajoelmavilasboas/,agregador/social,ON
Coe Centro Odontologico Expressao,5511966508965,,sem site,
Aialla Odontologia,5511970902141,https://aiallaodontologia.com.br/,site próprio,OFF (403)
Dra. Monica Holsback - Dentista - Ortodontista | Invisalign Jundiai,5511981537085,https://instagram.com/dramonicaholsback,agregador/social,ON
Clinica Odonto&estetica,5511949810000,https://www.odontoeestetica.com.br/,site próprio,OFF
Consultorio Rizzo Boutique,5511910174344,https://dentista24horasjundiai.com.br/,site próprio,OFF (406)
Clinica Implante Real,5511910147172,https://clinicaimplantereal.com.br/,site próprio,OFF (406)
Estima Odontologia - Consultorio Odontologico - Eloy Chaves - Jundiai,5511952851803,https://estimaodontologia.com.br/,site próprio,OFF (502)
A2 Odontologia,5511930192791,http://www.a2odontologia.com.br/,site próprio,OFF (406)
Levez Odontologia - Clinica Odontologica I Implante I Dentistica I Endodontotia I Periodontia I Anhangabau,5511973582355,,sem site,
Odonto Excellence Vila Lacerda - Dentista Em Jundiai,5511958962121,https://www.instagram.com/odontoexcellencejundiai/,agregador/social,ON
Vida Plena Odontologia,5511950587748,https://www.vidaplenaodonto.com/,site próprio,OFF
Dra. Camila Danieli - Odontologia | Crosp119024,5511993520893,https://instagram.com/dra.camiladanieli?igshid=MTNiYzNiMzkwZA==,agregador/social,ON
Dr. Jose Olympio | Dentista Em Jundiai,5511970554170,https://sites.google.com/view/dr-jose-olympio-dentista/p%C3%A1gina-inicial,agregador/social,ON
Mater Odontologia,5511971785339,https://www.instagram.com/mater.odontologia,agregador/social,ON
Espaco Odonto Saude,5511987883424,,sem site,
Clinica Odontologica Pro Sorriso,5511917421558,http://www.prosorrisojundiai.com.br/,site próprio,OFF
Dra. Gisele Peron Bortoletto,5511943698464,,sem site,
Sr Odonto | Socorro Rapido Odontologico | Dentista Emergencia E Urgencia 24 Horas | Implantes Dentarios,5511911557576,https://www.srodonto.com/,site próprio,OFF (406)
Odontologia Clinik,5511974815577,,sem site,
Dra. Camila Braga Navarro,5511987159967,,sem site,
Dra. Larissa Lazaro - Cirurgia Dentista - Jundiai,5511963934580,,sem site,
Dra Renata Rodrigues | Dentista Em Jundiai - Lentes Em Resina & Clareamento Dental,5511973446459,,sem site,
Dra. Karina Mirabelli | Odonto Saude,5511974144604,,sem site,
Enove Sorrisos Odontologia Especializada,5511947933634,,sem site,
Dra Erika Almeida,5511999702325,,sem site,
Dra Juliana Trepiccione,5511959898733,,sem site,
Hera Odontologia Especializada,5511977966534,https://heraodontologia.com.br/,site próprio,OFF
Instituto Banzato,5511995446631,https://institutobanzato.com.br/,site próprio,OFF (503)
Consultorio Odontologico Em Jundiai - Dra Fernanda Valdetaro,5511970460322,,sem site,
Odontocompany Jundiai - Eloy Chaves,5511913021182,,sem site,
Mozeli Odontologia,5511973531293,,sem site,
Dra Ana Carolina - Odontologia Especializada,5511971179134,,sem site,
Dr Marcos Volpini Ferreira,5511934614005,,sem site,
Thiago Busanelli - Odontologia,5511968787699,http://www.thiagobusanelli.com.br/,site próprio,OFF (403)
Affetto Odontologia Especializada,5511984905267,https://www.instagram.com/affettojundiai,agregador/social,ON
Ricardo Canhoelo - Cirurgiao-dentista,5511977116668,,sem site,
Lic Odontologia - Dra. Lilian Camilo,5511989285026,https://www.instagram.com/lic_odontologia/,agregador/social,ON
Orofit Odontologia E Harmonizacao Facial,5511942259631,,sem site,
Clinica Dorassi Odontologia Especializada,5511995356233,http://www.clinicadorassi.com/,site próprio,OFF
Dra Celina Nakai,5511975426858,,sem site,
Clinica Innovare,5581997313698,http://innovareclinic.com.br/,site próprio,OFF
Amanda Soares Odontologia Especializada - Invisalign Doctor - Dentista Recife,5581984013448,https://www.instagram.com/clinica.amandasoares/,agregador/social,ON
Prime Odonto Em Recife - Clareamento Dental Em Recife | Aparelho Dentario Em Recife,5581986992096,https://wa.link/jpjfro,site próprio,OFF (401)
"Odontologia Integrada Recife | Implantes Sem Corte, Sem Dor E Resultado Imediato | Dentista Em Recife/pe",5581992173314,,sem site,
Dra. Juliana Andrade,5581987292581,http://drajulianaandrade.com.br/,site próprio,OFF (404)
Studio Sorrir - Odontologia Recife - Lentes Dentais | Implantes | Protese Protocolo | Invisaling,5581982188913,http://www.studiosorrir.com.br/,site próprio,OFF (404)
"Facil Odonto- Clinica Odontologica Recife, Pernambuco",5581994667997,,sem site,
"Dra. Renata Tinoco - Odontologia | Atendimento Odontologico Especializado Na Pessoa Idosa, Pessoas Necessidades Especiais",5581996977530,https://sites.google.com/view/saudebucalidosos/,agregador/social,ON
"Recifemed Odonto - Dentista Em Recife, Implantes Dentarios, Proteses Dentarias",5581982520555,http://www.recifemedodonto.com/,site próprio,OFF
Alem Do Dente|dra. Carolina Borges| Dentista Em Domicilio|dentista Laserterapia| Dentista Em Casa Recife| Sedacao Recife,5581989794831,https://alemdodente.com.br/,site próprio,OFF (406)
"Dra. Natalia Pompilio - Facetas De Resina, Porcelana E Clareamento | Dentista Recife",5581993906170,https://pompilioodontologia.com.br/natalia-pompilio/,site próprio,OFF (406)
Amare - Consultorio Odontologico | Dentista Em Recife,5581982748011,https://www.instagram.com/amare.consultoriodontologico/,agregador/social,ON
Dra. Nathalia Lacet,5581996695149,,sem site,
Studio Sorriz,5581993746540,,sem site,
Dra Neia Maria Da Conceicao Silva,5581993054050,,sem site,
Odonto Spazzio - Implante Dentario Em Recife - Ortodontia - Aparelho Ortodontico Em Recife - Enxertos Osseos - Carga Imediata,5581991899397,https://drricardodebiase.com.br/implantes/,site próprio,OFF
Prontoclinica Odontologica Valeria Dias,5581988626337,,sem site,
Espaco Sorrir,5581994108832,https://www.instagram.com/espacosorrir?igsh=MXM5Z3BienMxZW1kMA==,agregador/social,ON
Dra. Ieda Interaminense,5581991331996,http://www.instagram.com/iedainteraminense,agregador/social,ON
Sorriso & Cia - Dentistas E Urgencia,5581991651449,http://www.sorrisoecompanhia.com.br/,site próprio,OFF
Dra Camila Moura - Cirurgia Dentista,5581995764469,https://camilamouraodonto.com.br/,site próprio,OFF
Dr. Rodrigo Coifman - Dentista Em Recife,5581996332290,http://www.coifmanodontologia.com.br/,site próprio,OFF (406)
Dentista Encruzilhada- Dra Rafaella Galvao Odontologia,5581984244286,,sem site,
Odontobelo,5581992813038,,sem site,
Seu Dentista Pe,5581984051307,https://www.instagram.com/seudentistape?igsh=ODA1NTc5OTg5Nw==,agregador/social,ON
Allsorriso Odontologia Especializada,5581998785753,https://instagram.com/allsorriso,agregador/social,ON
Exclusive Odonto,5581992161638,https://instagram.com/clinica.exclusiveodonto?igshid=YmMyMTA2M2Y=,agregador/social,ON
Dra. Socorro Do Vale - Odontopediatria E Ortodontia - Atendimento A Pacientes Com Necessidades Especiais,5581999638085,,sem site,
Dentista Maria Eduarda Vasconcelos,5581998019435,https://www.instagram.com/dramariaeduardavasconcelos/,agregador/social,ON
Zolin Centro Odontologico,5581988515899,http://www.clinicazolin.com.br/,site próprio,OFF
Multi Dental Odontologia,5581995956959,https://www.instagram.com/multidentalpe/,agregador/social,ON
Dra. Angelica Galvao | Odontopediatra | Dentista Para Criancas - Recife,5581982812976,,sem site,
Dentista Gabriela Ferreira,5581995773207,http://wa.me/5581995773207,agregador/social,ON
Dra. Daniela Gomes - Odontologia Humanizada,5581973441095,,sem site,
Dentista Em Recife - Sedacao Com Nitroso - Implante - Dente Siso - Lorena Pinheiro,5581994778508,https://www.instagram.com/dentista.lorenapinheiro?igsh=N3prb2QyZnh6azds&utm_source=qr,agregador/social,ON
Cr Montenegro Odontologia | Ortodontia | Invisalign Doctor Recife | Dtm | Sono | Lentes De Contato | Estetica,5581988497447,http://www.crmontenegro.com/,site próprio,OFF (406)
Ortocare Odontologia Especializada,5581986269977,https://www.instagram.com/ortocareodontologia/?hl=pt-br,agregador/social,ON
Dra. Kamila Azoubel | Casa Sorriso Odontologia | Odontopediatria | Ortodontia,5581987523322,https://www.instagram.com/drakamilaazoubel/,agregador/social,ON
Dra. Roberta Carneiro Leao,5581996309603,https://www.facebook.com/ConsultorioOdontologicoBoaViagem/?fref=ts,agregador/social,ON
Clinica Aldo & Erika Bezerra,5581987868666,,sem site,
Clinica Sorriso Recife,5581982008457,https://instagram.com/clinicasorrisorecife?utm_medium=copy_link,agregador/social,ON
Dra. Adelita Luana Leal | Dentista Recife|paulista Pe,5581994041723,http://www.consultoriosvisage.com/about-9,site próprio,OFF (404)
"Dra. Manuela Lombardi, Dentista",5581981149969,,sem site,
Espaco Odonto Sorrir,5581982629067,,sem site,
Dr. Edmundo Vasconcelos - Implantodontia E Ortodontia Em Recife - Pe,5581993401918,https://www.google.com/url?sa=t&source=web&rct=j,agregador/social,ON
Dra Franciene Amorim Ortodontista Recife,5581999385400,,sem site,
"Dra. Mayra Aquino, Dentista Recife",5581996938180,https://api.whatsapp.com/send?phone=5581993746540&text=Ol%C3%A1!%20Gostaria%20de%20agendar%20uma%20consulta%20com%20Dra.%20Mayra%20Aquino,agregador/social,ON
Consultorio Odontologico - Dra. Pascalle Ribeiro,5581994176617,https://linktr.ee/drapascalleribeiro,agregador/social,ON
Olga | Odontologia Clinica Odontologica,5581995335775,https://www.instagram.com/olgastudioodontologico?igsh=MXUzdGtyOTQ3cXI1Mw==,agregador/social,ON
Netto Odontologia - Dr. Christiano Netto E Equipe,5581986551405,,sem site,
Dental Concept Clinica Odontologica - Dra. Lucia Vanderlei & Dra. Carolina Vanderlei,5581996076767,"https://api.whatsapp.com/send/?phone=558196076767&text=Ol%C3%A1,+gostaria+de+marcar+uma+consulta+com+Dra.+Lucia+Vanderlei",agregador/social,ON
Rebeka Ribeiro Gomes Odontologia Me,5581982874044,,sem site,
Dra. Margarida Lopes,5581994959852,,sem site,
Dentista 24 Horas - Clinica Sorio Emergencia Dentista De Duque De Caxias,5521972148378,https://emergenciadentistacaxias.com.br/,site próprio,OFF (406)
Sorridents Duque De Caxias,5521991549347,https://sorridents.com.br/unidade/rj-duque-de-caxias-bar-dos-cavaleiros,site próprio,OFF (403)
Clident Clinica Odontologica,5521993013551,,sem site,
Service Odonto Duque De Caxias 5,5521987442039,https://www.serviceodonto.com.br/,site próprio,OFF
Clinica Dra. Daiana De Aguiar,5521996501058,,sem site,
Dra. Danielle Gil,5521972549468,,sem site,
Service Odonto Duque De Caxias 2,5521987442039,,sem site,
Odontoalverca Clinica Odontogica,5521995058989,,sem site,
Ortolook Caxias 1 - Clinica Odontologica,5521969528335,http://www.ortolook.com.br/,site próprio,OFF
Ortolook Caxias 2 - Clinica Odontologica,5521986869057,https://ortolook.com.br/,site próprio,OFF
Mt Odonto,5521959376866,https://mtodonto.com.br/pagina-principal,site próprio,OFF (406)
Dr. Elder Valadao,5521970062645,,sem site,
Sorriso Clean,5521999005612,,sem site,
Dra. Bruna Campos | Dentista Em Duque De Caxias,5521965735280,,sem site,
Sorriso Star Clinica Odontologica Ltda,5521991802359,http://www.sorrisostar.com.br/,site próprio,OFF
Rioodonto Odontologia Integrada,5521969700822,,sem site,
Dra. Priscila Vasconcellos,5521993711515,,sem site,
Consultorio Dr Johnny Borges,5521981306407,,sem site,
Odonto Family Caxias,5521971647430,https://wa.me/5521971647430,agregador/social,ON
Dra. Bianca Porciuncula Harmonizacao Facial E Dentista,5521967639361,http://bit.ly/3C3UUyF,agregador/social,ON
Centro Odontologico Dr. Manoel Teles,5521975698793,http://www.comteles.com.br/,site próprio,OFF
Dental Universitaria,5521970363428,,sem site,
Odontorisos,5521974618557,,sem site,
Dra Heliethe Motta - Ortodontia E Harmonizacao Facial Especializada - Duque De Caxias,5521981101002,,sem site,
Dental Top Clinic,5521972136877,,sem site,
Dra Dayany Sehnem - Periodontia E Odontopediatria,5521979674801,https://www.instagram.com/dra.daydentista/,agregador/social,ON
Dra. Lidia Eugenio Figueiredo,5521970141415,,sem site,
"Dentista Duque De Caxias Rj, Dra Thais Moreira",5521990919774,,sem site,
Jp Odonto Duque De Caxias,5521982474336,https://ygodontologiaa.my.canva.site/venha-conhecer,agregador/social,ON
Consultorio Dra Angela Maria S. Sant` Anna,5521986988644,,sem site,
Clinica Sandra Robert,5521979987277,,sem site,
Clinica Odontologica De Reabilitacao Oral Scander | Dentistas,5521984301010,https://clinicaoralscander.com.br/,site próprio,OFF
Fiable Odonto Ltda,5521998460548,https://www.instagram.com/fiableodonto/,agregador/social,ON
Atelie Do Sorriso (consultorio Odontologico),5521986677980,https://www.instagram.com/ateliedosorriso.dc?igsh=am9xNzR1YTc0MzBy,agregador/social,ON
Dl Odontologia Estetica - Dr. Dario Pereira E Dra. Lilian Cordeiro,5521991838776,,sem site,
Life Oral - Odontologia,5521982708885,https://www.instagram.com/lifeoral?igsh=MWNzMGF4ZWY3amFvNQ==,agregador/social,ON
Dentistas Carla Datrino E Vagner Datrino,5521982708885,,sem site,
Consultorio Marianna Moura,5521989123182,http://instagram.com/dramariannamoura,agregador/social,ON
Clinica Sao Miguel,5521988837670,,sem site,
Hospital Da Dentadura,5521980372625,,sem site,
Prorir Clinica Odontologica Vila Sao Luis - Duque De Caxias,5521987794809,https://prorir.com.br/clinicas-prorir/duque-de-caxias/vila-sao-luis/,site próprio,OFF (406)
Dr. Manoel Bastos Odontologia Integrada,5521979670841,,sem site,
